Date,Open,High,Low,Close,Volume
2015/1/1,318.2,321.4,313.5,314.9,12.82K
2015/1/2,314.9,316.4,313.1,315.2,14.73K
2015/1/3,315.2,315.8,284.9,287.1,47.37K
2015/1/4,287.1,289.9,255.9,264.7,88.77K
2015/1/5,264.7,278.3,262.9,274.8,54.99K
2015/1/6,274.8,285.1,271.5,282.3,21.94K
2015/1/7,282.3,296.1,280.7,291.3,30.67K
2015/1/8,291.3,292.7,279,282.7,20.18K
2015/1/9,282.7,290.6,277.3,288,20.93K
2015/1/10,288,289.3,272,273.4,14.73K
2015/1/11,273.4,278,263.8,264.8,15.11K
2015/1/12,264.8,273.1,263.3,269.3,25.39K
2015/1/13,269.3,269.1,217.1,221.3,95.50K
2015/1/14,221.3,230.9,157.3,164.9,170.68K
2015/1/15,164.9,231.3,164.6,209.8,124.67K
2015/1/16,209.8,222.6,198.7,206.9,62.32K
2015/1/17,206.9,212.6,191.7,199.6,43.13K
2015/1/18,199.6,220.7,192.5,210.6,40.37K
2015/1/19,210.6,219.5,205.5,215.9,31.58K
2015/1/20,215.9,216.6,203.4,210.6,37.48K
2015/1/21,210.6,229.3,207.1,228.2,43.18K
2015/1/22,228.2,238.8,225.6,232.7,53.71K
2015/1/23,232.7,237,224.8,232.2,38.17K
2015/1/24,232.2,248.9,229.6,248.2,33.24K
2015/1/25,248.2,256.4,241.4,252.1,50.19K
2015/1/26,252.1,310.9,251.5,269.2,105.71K
2015/1/27,269.2,276.9,247.3,263.3,50.26K
2015/1/28,263.3,267.7,228.1,236.2,63.77K
2015/1/29,236.2,241.5,220.4,234,54.49K
2015/1/30,234,244.8,227.2,231.8,48.23K
2015/1/31,231.8,235.4,216.5,218.5,42.15K
2015/2/1,218.5,231.4,209.7,225.3,41.16K
2015/2/2,225.3,242.5,220.5,238.9,39.02K
2015/2/3,238.9,247.5,223.9,227.4,63.08K
2015/2/4,227.4,230.7,220.2,226.6,55.24K
2015/2/5,226.6,229.9,214.4,216.5,40.64K
2015/2/6,216.5,226.2,215.6,223,52.52K
2015/2/7,223,231,222.4,227.7,39.76K
2015/2/8,227.7,230.2,219.5,223.7,29.05K
2015/2/9,223.7,225,215.7,220.3,91.69K
2015/2/10,220.3,222.2,214.4,219.7,86.15K
2015/2/11,219.7,223.5,217.3,218.8,71.73K
2015/2/12,218.8,223,217.3,221.8,50.11K
2015/2/13,221.8,241.6,220.6,236.2,112.25K
2015/2/14,236.2,261.3,235.4,258.6,133.80K
2015/2/15,258.6,264.6,226.6,233.3,179.14K
2015/2/16,233.3,240,228,235.8,115.47K
2015/2/17,235.8,247.2,232,243.2,116.26K
2015/2/18,243.2,245.5,231.7,235.2,99.66K
2015/2/19,235.2,244.1,234.9,241.9,66.05K
2015/2/20,241.9,247.8,238.8,244.5,83.59K
2015/2/21,244.5,247.3,242.6,244.4,42.95K
2015/2/22,244.4,246.5,232.7,235.7,75.70K
2015/2/23,235.7,240.1,231.3,238.8,62.67K
2015/2/24,238.8,240.3,235.5,238.9,45.03K
2015/2/25,238.9,239.6,234.6,237.3,38.10K
2015/2/26,237.3,238.2,233.5,236.5,50.87K
2015/2/27,236.5,258.7,235.7,253.5,167.81K
2015/2/28,253.5,255.4,248.7,254.1,39.41K
2015/3/1,254.1,260.6,244.8,257.9,51.33K
2015/3/2,257.9,274.8,256.1,273.8,81.09K
2015/3/3,273.8,287.1,266.1,280.6,164.82K
2015/3/4,280.6,284.5,265.9,271.9,139.00K
2015/3/5,271.9,280.8,262.8,275.2,123.64K
2015/3/6,275.2,278,269,272.6,98.80K
2015/3/7,272.6,278.3,269.4,274.9,60.72K
2015/3/8,274.9,278.8,271.3,274.5,50.40K
2015/3/9,274.5,293.3,273.8,290,151.77K
2015/3/10,290,301,288.1,291.4,158.18K
2015/3/11,291.4,297.7,288.9,295.6,79.98K
2015/3/12,295.6,297,290.8,293.9,107.32K
2015/3/13,293.9,294.9,286.1,287.2,97.34K
2015/3/14,287.2,288.4,279.3,281.6,75.72K
2015/3/15,281.6,286.4,280.4,284.9,39.46K
2015/3/16,284.9,294,284.8,290.4,66.34K
2015/3/17,290.4,292.5,283.3,285.4,65.01K
2015/3/18,285.4,285.6,248.2,255.9,206.74K
2015/3/19,255.9,264.8,247,260.9,180.69K
2015/3/20,260.9,264.7,257.9,261.8,52.83K
2015/3/21,261.8,263.3,254,259.7,51.65K
2015/3/22,259.7,270.4,259,268.6,56.63K
2015/3/23,268.6,271,259.4,265.5,81.45K
2015/3/24,265.5,267,242.7,246.7,151.09K
2015/3/25,246.7,249.2,234.8,246.4,131.44K
2015/3/26,246.4,254.7,243.5,248,89.47K
2015/3/27,248,250.1,244.5,247.2,62.56K
2015/3/28,247.2,254.3,246.3,252,55.06K
2015/3/29,252,252.8,238.9,242.1,77.54K
2015/3/30,242.1,248.8,236.6,246.8,85.33K
2015/3/31,246.8,248.7,241.2,244.1,75.33K
2015/4/1,244.1,247.7,239.6,246.2,67.08K
2015/4/2,246.2,254.9,244.3,252.6,81.37K
2015/4/3,252.6,256.5,251.3,254.5,71.74K
2015/4/4,254.5,255.2,250.3,252.9,30.72K
2015/4/5,252.9,260.3,250.6,259.6,43.83K
2015/4/6,259.6,261.5,252.3,255,45.93K
2015/4/7,255,255.6,250.1,253,44.79K
2015/4/8,253,254.3,242.6,244.6,102.65K
2015/4/9,244.6,246.2,237.6,243.3,69.19K
2015/4/10,243.3,244.1,231.3,234.7,100.20K
2015/4/11,234.7,240,233.1,236.5,51.99K
2015/4/12,236.5,237.5,232.3,235.9,33.03K
2015/4/13,235.9,236.8,220.4,223.6,105.15K
2015/4/14,223.6,224.7,214.3,218,115.19K
2015/4/15,218,223.6,217.1,223,77.23K
2015/4/16,223,229.5,222.9,228,84.89K
2015/4/17,228,229.3,220.6,222.6,66.92K
2015/4/18,222.6,224.5,220.6,223.4,36.54K
2015/4/19,223.4,226.9,222,223,35.50K
2015/4/20,223,226.7,221.6,224.2,44.87K
2015/4/21,224.2,235.3,223.3,233.7,68.35K
2015/4/22,233.7,238.4,231.8,233.8,77.56K
2015/4/23,233.8,236.1,232.6,235.4,42.45K
2015/4/24,235.4,236.6,229.1,231.1,69.78K
2015/4/25,231.1,232.3,223.1,226.1,43.78K
2015/4/26,226.1,226.7,214.1,218.7,100.77K
2015/4/27,218.7,242.6,216.6,229,123.41K
2015/4/28,229,229.9,222,225.8,65.97K
2015/4/29,225.8,227.2,222.3,225.4,60.89K
2015/4/30,225.4,240,224.7,235.8,112.24K
2015/5/1,235.8,239.4,232.4,233.2,60.14K
2015/5/2,233.2,236.4,231.7,235.3,37.08K
2015/5/3,235.3,243.6,233.8,240,55.72K
2015/5/4,240,243.2,237.4,239,69.12K
2015/5/5,239,239.6,231.8,235.8,77.87K
2015/5/6,235.8,237.1,228.2,230,103.66K
2015/5/7,230,240.3,228.3,237.7,91.05K
2015/5/8,237.7,247,235.8,243.7,87.50K
2015/5/9,243.7,247.9,238.5,241.4,62.79K
2015/5/10,241.4,244.8,238.2,240,44.00K
2015/5/11,240,243.9,238.9,241.8,57.17K
2015/5/12,241.8,243,239.2,241.6,40.08K
2015/5/13,241.6,243.9,234.1,236.4,84.43K
2015/5/14,236.4,239.2,232.4,236.9,71.02K
2015/5/15,236.9,238.8,235.5,237.2,46.03K
2015/5/16,237.2,237.8,234.6,236.2,27.05K
2015/5/17,236.2,237.8,235.4,236.3,28.43K
2015/5/18,236.3,237.1,231.5,232.6,53.14K
2015/5/19,232.6,234.5,231.3,232,40.94K
2015/5/20,232,235.2,231.5,234,49.69K
2015/5/21,234,236.6,233.6,235.4,42.94K
2015/5/22,235.4,242,234.6,240.4,74.11K
2015/5/23,240.4,241.7,238.1,238.9,36.03K
2015/5/24,238.9,242.4,237.5,241,30.26K
2015/5/25,241,241.8,235.8,237.4,26.39K
2015/5/26,237.4,239,235.6,237.8,37.08K
2015/5/27,237.8,238.9,235.9,237.3,48.03K
2015/5/28,237.3,238.4,236.2,237.3,35.75K
2015/5/29,237.3,237.9,235.1,237,38.92K
2015/5/30,237,237.1,231.6,233.2,41.63K
2015/5/31,233.2,234,229.1,229.8,39.00K
2015/6/1,229.8,231.8,221,223.1,87.06K
2015/6/2,223.1,227.4,222.3,225.7,60.81K
2015/6/3,225.7,227.9,223.7,225.6,54.35K
2015/6/4,225.6,226.7,223.5,224.2,44.06K
2015/6/5,224.2,226.4,222.1,225.3,56.46K
2015/6/6,225.3,225.8,223.5,224.7,22.47K
2015/6/7,224.7,226.4,222.2,223.5,40.48K
2015/6/8,223.5,229.9,223,228.6,74.15K
2015/6/9,228.6,231.4,227.5,229.6,54.84K
2015/6/10,229.6,230.4,227.8,228.8,41.64K
2015/6/11,228.8,230.6,228.5,229.9,38.00K
2015/6/12,229.9,231.6,229.3,230.5,40.75K
2015/6/13,230.5,233.1,229,232.5,38.01K
2015/6/14,232.5,235.5,232.1,233.8,32.90K
2015/6/15,233.8,238.6,233.3,237,63.47K
2015/6/16,237,254.1,235.7,249.8,122.47K
2015/6/17,249.8,258.5,245.1,247.4,121.62K
2015/6/18,247.4,251.9,242.5,248.4,78.14K
2015/6/19,248.4,250.8,243.6,244.1,84.70K
2015/6/20,244.1,246.6,238.7,245,51.28K
2015/6/21,245,246,240.9,244.1,25.15K
2015/6/22,244.1,248.6,243.2,247.5,47.59K
2015/6/23,247.5,247.7,242.3,243.8,38.43K
2015/6/24,243.8,244.5,239.1,240.6,47.11K
2015/6/25,240.6,243.6,239.3,242.6,40.36K
2015/6/26,242.6,243.5,240.1,242.9,37.62K
2015/6/27,242.9,251.6,241.8,250.7,54.70K
2015/6/28,250.7,251.6,246.6,248.9,39.89K
2015/6/29,248.9,257.5,248,257,92.64K
2015/6/30,257,268.7,255.4,264.1,116.53K
2015/7/1,264.1,265,254.4,257.6,66.94K
2015/7/2,257.6,261.3,253.1,254.9,45.01K
2015/7/3,254.9,256.7,252.4,255.4,36.58K
2015/7/4,255.4,261.1,253.4,260.5,32.95K
2015/7/5,260.5,274.1,257.6,270.1,48.45K
2015/7/6,270.1,277.5,266.5,269.1,90.58K
2015/7/7,269.1,271.3,263.2,266.2,41.61K
2015/7/8,266.2,273.6,263.2,268.6,45.29K
2015/7/9,268.6,272.3,265.1,269.1,48.39K
2015/7/10,269.1,297.9,266.9,283.6,117.17K
2015/7/11,283.6,298.8,282.3,292,46.49K
2015/7/12,292,315.9,291.3,310.4,120.70K
2015/7/13,310.4,310.9,276.9,290.4,146.85K
2015/7/14,290.4,297,285.2,287,60.62K
2015/7/15,287,292.9,283.2,283.4,59.58K
2015/7/16,283.4,290.8,273.3,276.6,121.32K
2015/7/17,276.6,280.8,271.2,279.6,62.12K
2015/7/18,279.6,282.5,243.2,274,55.34K
2015/7/19,274,277.1,271.9,273.2,30.20K
2015/7/20,273.2,278.9,271.8,277.7,46.60K
2015/7/21,277.7,281,274.2,275.1,49.05K
2015/7/22,275.1,277.4,273.1,276.5,41.97K
2015/7/23,276.5,277.9,274.5,275.5,35.66K
2015/7/24,275.5,289.8,274.3,288.4,74.36K
2015/7/25,288.4,291.2,284.7,288.7,41.65K
2015/7/26,288.7,293.3,286.8,291.8,30.99K
2015/7/27,291.8,295.8,285.4,293,69.71K
2015/7/28,293,296.7,291.7,293.7,49.07K
2015/7/29,293.7,294.7,286.9,288.4,50.67K
2015/7/30,288.4,289.9,284.9,287,44.79K
2015/7/31,287,288.7,280.8,283.7,49.21K
2015/8/1,283.7,284.5,276.3,280.5,39.43K
2015/8/2,280.5,282.5,275.9,281.4,35.67K
2015/8/3,281.4,285,278.9,281.6,45.89K
2015/8/4,281.6,285.7,279.6,284.3,44.84K
2015/8/5,284.3,285.5,280.5,281.7,38.29K
2015/8/6,281.7,282,276.5,278,33.26K
2015/8/7,278,279.6,274.3,277.9,42.81K
2015/8/8,277.9,278.9,257.4,258.6,82.54K
2015/8/9,258.6,266.8,258.6,263.9,57.48K
2015/8/10,263.9,266.6,260.5,263.3,48.57K
2015/8/11,263.3,269.9,261.4,269,51.36K
2015/8/12,269,271.5,263.7,267.7,56.73K
2015/8/13,267.7,268.4,261.3,263.4,56.49K
2015/8/14,263.4,267.2,260.2,265,52.33K
2015/8/15,265,266.5,259.4,260.5,38.91K
2015/8/16,260.5,261.9,254.6,257.1,69.04K
2015/8/17,257.1,259.9,252.9,257.1,47.88K
2015/8/18,257.1,257.5,245.7,246.7,94.50K
2015/8/19,246.7,247.9,214.3,226,245.82K
2015/8/20,226,238,225.5,234.7,90.98K
2015/8/21,234.7,236.3,230.5,232.4,57.65K
2015/8/22,232.4,235.1,221,229.5,74.21K
2015/8/23,229.5,232.7,224.3,226.8,48.84K
2015/8/24,226.8,228.4,207.8,211.4,196.70K
2015/8/25,211.4,226.6,196.3,220.5,190.79K
2015/8/26,220.5,230.7,218.8,225,92.81K
2015/8/27,225,228.4,222,222.7,60.25K
2015/8/28,222.7,234.8,219.6,231.6,90.66K
2015/8/29,231.6,233.1,226.4,228.5,43.74K
2015/8/30,228.5,232.3,225.4,228.4,39.81K
2015/8/31,228.4,231.8,224.2,229.5,54.51K
2015/9/1,229.5,231.4,225.8,227.2,66.54K
2015/9/2,227.2,230.6,225.6,228.6,58.77K
2015/9/3,228.6,229.6,225.4,226.2,54.15K
2015/9/4,226.2,231.1,225.8,230.3,61.76K
2015/9/5,230.3,235.6,228.3,233.7,48.28K
2015/9/6,233.7,243.6,234.7,239.9,66.27K
2015/9/7,239.9,242.7,237.5,239.6,57.19K
2015/9/8,239.6,246.4,239.2,243.2,76.35K
2015/9/9,243.2,244.3,236.5,237.4,69.26K
2015/9/10,237.4,240.6,234.3,238.1,60.54K
2015/9/11,238.1,241,237.4,239.9,45.77K
2015/9/12,239.9,240.3,233.3,235.6,43.77K
2015/9/13,235.6,236.2,228.3,230.2,51.60K
2015/9/14,230.2,232.6,226,229.9,61.10K
2015/9/15,229.9,242.8,228,229.5,49.52K
2015/9/16,229.5,230.9,225.1,228.6,51.91K
2015/9/17,228.6,235.2,227.9,232.7,56.06K
2015/9/18,232.7,234.7,230.6,232.2,53.17K
2015/9/19,232.2,233.4,230.2,231.1,34.47K
2015/9/20,231.1,232.7,229.9,231.1,33.15K
2015/9/21,231.1,231.6,225,226.3,53.43K
2015/9/22,226.3,233.2,224.1,230,71.55K
2015/9/23,230,232.2,228.5,229.9,43.60K
2015/9/24,229.9,235.8,229.6,233.8,72.12K
2015/9/25,233.8,237.6,232.7,235,61.58K
2015/9/26,235,235.7,232.7,234.3,40.29K
2015/9/27,234.3,234.8,231.8,232.5,36.14K
2015/9/28,232.5,240.4,232.4,238.9,64.28K
2015/9/29,238.9,240.4,234.8,236.7,57.30K
2015/9/30,236.7,237.8,234.4,235.9,50.52K
2015/10/1,235.9,238.7,234.7,237.1,52.88K
2015/10/2,237.1,238.4,235.1,236.7,47.94K
2015/10/3,236.7,239.5,236.1,238.6,43.31K
2015/10/4,238.6,277.6,237.5,238.3,31.85K
2015/10/5,238.3,240.5,236.4,240.1,61.24K
2015/10/6,240.1,247.6,239.4,246.1,78.84K
2015/10/7,246.1,247.3,241.6,243,62.60K
2015/10/8,243,244.8,241.6,242.6,44.15K
2015/10/9,242.6,244.6,241.3,244,40.57K
2015/10/10,244,245.9,242.9,245.4,38.96K
2015/10/11,245.4,248.3,244.5,247.6,41.43K
2015/10/12,247.6,248,244.6,245.4,40.39K
2015/10/13,245.4,251.2,243.1,248.8,74.88K
2015/10/14,248.8,255.1,248.3,252.3,69.58K
2015/10/15,252.3,256.8,251.2,254.4,60.64K
2015/10/16,254.4,267.3,253.9,262.9,95.18K
2015/10/17,262.9,275.4,261.7,269.6,113.84K
2015/10/18,269.6,272.4,259.5,261.7,52.27K
2015/10/19,261.7,266,259.9,263.8,58.17K
2015/10/20,263.8,272.1,262.7,269.8,75.40K
2015/10/21,269.8,272.2,263.5,267.1,59.64K
2015/10/22,267.1,278.7,266.8,274.4,93.15K
2015/10/23,274.4,279.8,273.2,276.9,69.32K
2015/10/24,276.9,283,277,282.6,60.13K
2015/10/25,282.6,295.6,281.8,287.9,113.90K
2015/10/26,287.9,287.6,279.6,285.1,73.21K
2015/10/27,285.1,298.4,285.1,294.7,105.87K
2015/10/28,294.7,307.5,294,303.5,116.41K
2015/10/29,303.5,318.5,300.2,313.6,138.92K
2015/10/30,313.6,334.9,310.8,327.1,156.49K
2015/10/31,327.1,333.3,304.6,311.2,105.83K
2015/11/1,311.2,324.3,304.7,323,73.71K
2015/11/2,323,365.8,319.8,359.3,223.10K
2015/11/3,359.3,416.8,354.6,396.5,421.99K
2015/11/4,396.5,492.8,368.6,400.9,517.73K
2015/11/5,400.9,447.2,366.1,382.7,302.95K
2015/11/6,382.7,396.4,348.8,369.8,255.28K
2015/11/7,369.8,391.8,369,385.1,103.03K
2015/11/8,385.1,389.8,365.5,371.6,94.36K
2015/11/9,371.6,385.1,360.2,380.2,125.54K
2015/11/10,380.2,381.4,323.2,336.7,210.29K
2015/11/11,336.7,341.8,292.4,304.7,263.96K
2015/11/12,304.7,346.1,306.1,333.9,164.61K
2015/11/13,333.9,341.8,323.9,333.8,97.25K
2015/11/14,333.8,369.8,326.4,331.8,71.11K
2015/11/15,331.8,334.8,314.2,317.5,88.32K
2015/11/16,317.5,332,314.1,330.2,87.14K
2015/11/17,330.2,342.9,328.1,333.9,98.25K
2015/11/18,333.9,337.4,329.4,335.9,78.36K
2015/11/19,335.9,335.6,323.4,325,86.38K
2015/11/20,325,327.1,309.5,321.1,109.99K
2015/11/21,321.1,328.4,318.4,324.7,45.00K
2015/11/22,324.7,326.9,319.4,322.8,36.75K
2015/11/23,322.8,325,319.9,322.1,42.73K
2015/11/24,322.1,323.3,315.5,318.4,50.66K
2015/11/25,318.4,330,315.7,327.5,77.68K
2015/11/26,327.5,368.9,327.4,353.7,211.38K
2015/11/27,353.7,363.9,345.1,359.5,103.48K
2015/11/28,359.5,360.1,350.5,355.8,56.17K
2015/11/29,355.8,372.8,354.5,370.8,67.37K
2015/11/30,370.8,382.6,367.9,378,129.77K
2015/12/1,378,379,353.7,361.8,111.91K
2015/12/2,361.8,363.4,347.2,360,92.45K
2015/12/3,360,371.4,355.5,360.3,87.23K
2015/12/4,360.3,364,354.3,361.7,60.55K
2015/12/5,361.7,390.3,361.5,386.7,115.20K
2015/12/6,386.7,402.2,382.6,393.4,131.86K
2015/12/7,393.4,398.7,381.7,394.3,96.75K
2015/12/8,394.3,411.1,388,410.7,74.36K
2015/12/9,410.7,424.6,403.3,416,147.36K
2015/12/10,416,420.4,409.5,415.5,71.66K
2015/12/11,415.5,453.4,413.7,449.8,175.06K
2015/12/12,449.8,467.7,403.7,432.3,211.44K
2015/12/13,432.3,441,420.8,434.7,64.14K
2015/12/14,434.7,449.5,428.8,442,218.92K
2015/12/15,442,464.2,440.7,462.6,107.06K
2015/12/16,462.6,465.2,437.4,454,185.22K
2015/12/17,454,458.4,447.3,455.5,64.58K
2015/12/18,455.5,466.1,453.5,463.2,83.41K
2015/12/19,463.2,466,452.3,461.2,61.31K
2015/12/20,461.2,462.8,431.1,441.8,121.53K
2015/12/21,441.8,445.5,424,437.6,121.99K
2015/12/22,437.6,443.2,433.3,437,65.79K
2015/12/23,437,444.8,434.3,442.4,63.25K
2015/12/24,442.4,460.6,441.8,453,79.60K
2015/12/25,453,457.4,449.5,454,42.39K
2015/12/26,454,456.5,400.5,415.4,208.58K
2015/12/27,415.4,425.5,406.1,422.4,67.58K
2015/12/28,422.4,429.9,417.1,421.8,68.35K
2015/12/29,421.8,433.6,419.3,431.9,70.65K
2015/12/30,431.9,435,420.8,427.1,68.27K
2015/12/31,427.1,433.1,417.1,430,65.21K
2016/1/1,430,438,425.9,434,46.97K
2016/1/2,434,437.4,430.7,433.7,33.57K
2016/1/3,433.7,434.1,423.1,430.7,54.83K
2016/1/4,430.7,435.3,428.6,433.3,53.01K
2016/1/5,433.3,435.3,428.9,431.2,45.03K
2016/1/6,431.2,432.1,425,430.8,43.43K
2016/1/7,430.8,457.5,428.5,457,130.20K
2016/1/8,457,462.9,446.5,452.9,91.31K
2016/1/9,452.9,454.5,444.9,448.3,39.81K
2016/1/10,448.3,448.9,438.6,446.2,44.46K
2016/1/11,446.2,451.1,441.8,447.7,56.59K
2016/1/12,447.7,448.4,443.1,445,44.59K
2016/1/13,445,443.7,420.4,432.2,92.04K
2016/1/14,432.2,433.7,427,429.1,46.17K
2016/1/15,429.1,430.1,364.7,372.3,268.14K
2016/1/16,372.3,386.7,350.4,385,183.96K
2016/1/17,385,390.7,377.7,382.5,66.09K
2016/1/18,382.5,387.3,373.2,384.4,69.30K
2016/1/19,384.4,386.7,375.9,379.5,66.35K
2016/1/20,379.5,425.7,374,414.6,190.32K
2016/1/21,414.6,423.4,403.9,410.2,89.94K
2016/1/22,410.2,411.5,374.9,382.6,144.86K
2016/1/23,382.6,395.4,380.3,388.6,61.38K
2016/1/24,388.6,405.4,385.5,402.1,64.54K
2016/1/25,402.1,403.8,386.9,392.8,67.66K
2016/1/26,392.8,397.7,387.9,389.8,56.81K
2016/1/27,389.8,397.4,389.4,395,43.68K
2016/1/28,395,395.4,376.7,379.7,77.32K
2016/1/29,379.7,385.8,363.5,380.3,138.46K
2016/1/30,380.3,381.8,375,377.8,36.18K
2016/1/31,377.8,380.5,366.9,369.8,39.02K
2016/2/1,369.8,379.8,365.3,372.2,74.35K
2016/2/2,372.2,376.6,371.4,373.9,50.98K
2016/2/3,373.9,375.9,366.2,368,59.81K
2016/2/4,368,391.8,368,390.6,101.87K
2016/2/5,390.6,391.1,384.5,386.5,60.92K
2016/2/6,386.5,386.4,372.9,376.7,78.85K
2016/2/7,376.7,382.6,375.3,377.9,40.74K
2016/2/8,377.9,380.9,372.1,372.6,62.24K
2016/2/9,372.6,377.6,371.4,375.3,55.36K
2016/2/10,375.3,385.4,374.1,381.9,97.49K
2016/2/11,381.9,383.2,372.8,379.5,62.65K
2016/2/12,379.5,386.4,379.3,384,53.76K
2016/2/13,384,392.6,383.3,390.1,48.16K
2016/2/14,390.1,405.9,390.1,405.5,73.59K
2016/2/15,405.5,410.9,396.6,401.1,86.13K
2016/2/16,401.1,409.8,398,406.4,68.33K
2016/2/17,406.4,421.5,405,417.1,90.32K
2016/2/18,417.1,425.5,414.8,421.4,77.35K
2016/2/19,421.4,424.3,416.4,420,52.24K
2016/2/20,420,442.7,419.5,440.1,111.63K
2016/2/21,440.1,447.6,425.5,437.9,100.50K
2016/2/22,437.9,440.2,431.3,437.8,56.01K
2016/2/23,437.8,440.8,414.4,419.9,93.72K
2016/2/24,419.9,425.2,410.4,422.7,66.51K
2016/2/25,422.7,427.2,417.5,423.5,53.54K
2016/2/26,423.5,427.6,419.1,427.3,53.21K
2016/2/27,427.3,434.1,427.3,431.3,42.79K
2016/2/28,431.3,435.6,421.2,432.5,50.85K
2016/2/29,432.5,441.3,429.8,436.2,68.77K
2016/3/1,436.2,439,428.5,434,67.46K
2016/3/2,434,435.9,423.9,425.4,57.75K
2016/3/3,425.4,425.8,414.9,419.6,78.90K
2016/3/4,419.6,423.4,407.2,409.5,75.27K
2016/3/5,409.5,410.1,386.9,399,129.15K
2016/3/6,399,412,393.1,406,62.59K
2016/3/7,406,416.6,402,414.9,61.77K
2016/3/8,414.9,416.7,408.4,411.9,53.77K
2016/3/9,411.9,414.9,408.9,412.8,50.92K
2016/3/10,412.8,417.5,410.3,415.8,55.74K
2016/3/11,415.8,422.4,415.1,419.1,60.63K
2016/3/12,419.1,420.7,407,410.4,59.64K
2016/3/13,410.4,415.9,409.6,412.4,34.98K
2016/3/14,412.4,416.1,411.2,414.3,49.33K
2016/3/15,414.3,417.4,412.3,415.1,48.60K
2016/3/16,415.1,417,413.3,415.9,44.54K
2016/3/17,415.9,419.6,415.3,418.2,43.82K
2016/3/18,418.2,418.6,402.5,408.2,66.07K
2016/3/19,408.2,410.5,402.1,408.7,37.00K
2016/3/20,408.7,413.5,407.2,411.5,30.54K
2016/3/21,411.5,413.1,407.3,411.1,43.16K
2016/3/22,411.1,417.9,410.8,416.2,49.08K
2016/3/23,416.2,419.6,414.2,417,40.61K
2016/3/24,417,417.7,412.9,414.7,38.83K
2016/3/25,414.7,417.3,412.4,415.7,34.59K
2016/3/26,415.7,417.7,413.9,416.5,28.06K
2016/3/27,416.5,427.4,415.5,424.6,61.72K
2016/3/28,424.6,425.4,419.7,422.2,43.45K
2016/3/29,422.2,424.5,406.4,415,69.11K
2016/3/30,415,416.2,408.4,412.4,43.28K
2016/3/31,412.4,417.2,411.5,415.7,41.84K
2016/4/1,415.7,416.9,412.8,415.6,38.22K
2016/4/2,415.6,420.1,415.1,418.5,31.31K
2016/4/3,418.5,420.2,417,419.1,22.80K
2016/4/4,419.1,420.4,416.2,419.3,33.44K
2016/4/5,419.3,423.7,418,422.1,40.89K
2016/4/6,422.1,422.8,419.5,421.3,32.67K
2016/4/7,421.3,422,417.9,420.1,36.06K
2016/4/8,420.1,423.5,415.5,417.7,46.95K
2016/4/9,417.7,418.9,412.4,418,29.43K
2016/4/10,418,421.6,416.7,420.3,23.30K
2016/4/11,420.3,422.4,418.1,421.4,36.39K
2016/4/12,421.4,426.7,420.7,424.7,57.71K
2016/4/13,424.7,426.6,421.4,423.5,38.09K
2016/4/14,423.5,425.4,421.8,424,30.66K
2016/4/15,424,429.5,423.3,428.7,54.12K
2016/4/16,428.7,432,426.8,430,29.02K
2016/4/17,430,430.6,423.8,426.3,25.59K
2016/4/18,426.3,429.1,424.4,427.7,32.58K
2016/4/19,427.7,436.1,426.8,434.9,45.68K
2016/4/20,434.9,442.9,432.5,441.2,74.36K
2016/4/21,441.2,450.8,439.5,449.3,63.13K
2016/4/22,449.3,450.2,441.9,445.3,49.71K
2016/4/23,445.3,451.5,443.1,450.1,42.36K
2016/4/24,450.1,461.8,447.9,457.6,74.43K
2016/4/25,457.6,466.2,451.8,461.7,81.66K
2016/4/26,461.7,468.9,459.2,466,67.56K
2016/4/27,466,467.9,444.6,447,90.81K
2016/4/28,447,450.1,433.9,448.5,81.94K
2016/4/29,448.5,456.3,445.2,455,44.85K
2016/4/30,455,456.9,446.6,448.5,35.31K
2016/5/1,448.5,454.2,447.5,452.2,21.75K
2016/5/2,452.2,453.9,440.2,444.2,73.85K
2016/5/3,444.2,451.5,441.5,450.3,49.75K
2016/5/4,450.3,450.9,444.2,445.8,39.44K
2016/5/5,445.8,449.2,444.4,448.1,41.89K
2016/5/6,448.1,461.5,445.7,459.6,68.43K
2016/5/7,459.6,460.6,454.6,458.5,30.97K
2016/5/8,458.5,460.2,454.9,457.9,27.60K
2016/5/9,457.9,464.2,455.4,460.4,48.42K
2016/5/10,460.4,462.1,446.8,449.4,59.99K
2016/5/11,449.4,456.1,449.6,452.5,39.97K
2016/5/12,452.5,455.3,448.4,454.4,49.19K
2016/5/13,454.4,457.2,451.5,455.4,32.39K
2016/5/14,455.4,457.7,453.6,456.4,20.36K
2016/5/15,456.4,460.3,455,458.1,21.20K
2016/5/16,458.1,459.6,450.7,454.9,36.60K
2016/5/17,454.9,456.3,451.7,453.3,34.63K
2016/5/18,453.3,456.6,452.4,454.2,32.61K
2016/5/19,454.2,455.2,441.1,442.7,59.39K
2016/5/20,442.7,447.8,435.4,442.1,48.43K
2016/5/21,442.1,445.2,439.7,443.6,23.00K
2016/5/22,443.6,444.2,436.9,439.6,28.74K
2016/5/23,439.6,445,438.2,443.7,35.90K
2016/5/24,443.7,447.9,442,446.1,33.22K
2016/5/25,446.1,451.2,445.4,449.8,37.72K
2016/5/26,449.8,454.3,447.7,453.3,37.72K
2016/5/27,453.3,479.2,452.7,474,135.68K
2016/5/28,474,531.8,467,524.2,150.17K
2016/5/29,524.2,548,493.2,516,152.57K
2016/5/30,516,544.2,512.8,532.3,77.53K
2016/5/31,532.3,546.9,513.2,528.9,114.08K
2016/6/1,528.9,542.3,521.3,537.4,72.41K
2016/6/2,537.4,541.5,530.5,537.1,52.88K
2016/6/3,537.1,573.7,534.3,567,106.25K
2016/6/4,567,592.7,560.9,572,87.41K
2016/6/5,572,583.6,567.8,574.9,64.52K
2016/6/6,574.9,586.7,571.7,583.6,63.68K
2016/6/7,583.6,591.3,543.6,575.6,84.69K
2016/6/8,575.6,582.4,567.8,580.5,49.60K
2016/6/9,580.5,580.7,569.3,574.7,48.61K
2016/6/10,574.7,579.3,571.1,577.9,45.50K
2016/6/11,577.9,592.6,576.3,591.6,42.22K
2016/6/12,591.6,683.8,592.8,666.5,217.38K
2016/6/13,666.5,718.2,652.8,700.1,216.73K
2016/6/14,700.1,702.5,654.7,685.1,135.65K
2016/6/15,685.1,695.1,670.5,690.8,78.62K
2016/6/16,690.8,769.7,687.4,761.2,229.57K
2016/6/17,761.2,771.9,704.2,743.9,215.87K
2016/6/18,743.9,776,727.1,753.8,120.53K
2016/6/19,753.8,765.1,740.4,761,60.45K
2016/6/20,761,764.6,717.4,734,112.29K
2016/6/21,734,732.2,626,667.4,248.08K
2016/6/22,667.4,677.8,586.6,590.6,202.32K
2016/6/23,590.6,629.5,539.3,620.8,261.74K
2016/6/24,620.8,687.4,616.4,656.9,196.69K
2016/6/25,656.9,688.1,640.8,663.5,100.46K
2016/6/26,663.5,665.2,609.9,625.4,88.93K
2016/6/27,625.4,650.3,615.2,644.7,99.81K
2016/6/28,644.7,659.3,634.3,644.9,76.66K
2016/6/29,644.9,645.9,621.8,636.5,80.22K
2016/6/30,636.5,673,631.2,670,88.20K
2016/7/1,670,685.1,661.1,674.6,92.23K
2016/7/2,674.6,700.5,671.5,698.1,67.38K
2016/7/3,698.1,701.5,644.6,661.6,99.27K
2016/7/4,661.6,679,644,675.2,63.91K
2016/7/5,675.2,679.2,657.3,663.7,54.64K
2016/7/6,663.7,678.4,662.2,672.7,47.05K
2016/7/7,672.7,676.2,605,635.3,153.61K
2016/7/8,635.3,663.4,630.2,662.8,75.89K
2016/7/9,662.8,663.5,620.7,651.8,96.01K
2016/7/10,651.8,652,636.8,647.1,29.26K
2016/7/11,647.1,657.5,640,646.7,45.94K
2016/7/12,646.7,673.2,644.6,670.6,66.59K
2016/7/13,670.6,672,656,661.2,62.96K
2016/7/14,661.2,661.9,646.3,657.3,48.20K
2016/7/15,657.3,667.5,656.5,664.2,35.83K
2016/7/16,664.2,665.4,655.7,660.7,20.39K
2016/7/17,660.7,680.9,660.1,676.3,46.84K
2016/7/18,676.3,680.4,664.6,670.4,42.58K
2016/7/19,670.4,673.2,663.6,671.1,30.40K
2016/7/20,671.1,672.3,659.5,664.4,37.56K
2016/7/21,664.4,666.5,657.8,664.6,32.17K
2016/7/22,664.6,669.4,645.7,651.1,65.90K
2016/7/23,651.1,658.2,648,655.2,29.89K
2016/7/24,655.2,664.2,651,659.3,29.82K
2016/7/25,659.3,662.5,651.1,654,34.38K
2016/7/26,654,657.8,643.5,654.4,49.39K
2016/7/27,654.4,659.1,646,654.5,29.89K
2016/7/28,654.5,658,650.8,654.1,28.11K
2016/7/29,654.1,657.4,651,655.4,27.04K
2016/7/30,655.4,657.5,652.1,654.7,19.35K
2016/7/31,654.7,654.9,621.4,621.9,62.89K
2016/8/1,621.9,627.9,603.5,607,66.66K
2016/8/2,607,613.8,471.4,513.4,130.91K
2016/8/3,513.4,573.1,514.1,566.4,85.93K
2016/8/4,566.4,584.9,559.5,576.2,44.82K
2016/8/5,576.2,580,565.8,574.7,27.89K
2016/8/6,574.7,596.7,565.3,586.5,25.38K
2016/8/7,586.5,596,580.9,590.8,26.20K
2016/8/8,590.8,594.2,585.4,589.2,24.88K
2016/8/9,589.2,591.2,581.1,585.3,25.97K
2016/8/10,585.3,600.5,580.9,590.9,49.57K
2016/8/11,590.9,599.2,585.4,587.8,39.83K
2016/8/12,587.8,591.1,582.2,587.1,25.50K
2016/8/13,587.1,590.1,582.8,584.6,19.30K
2016/8/14,584.6,585.8,559.9,569.1,33.07K
2016/8/15,569.1,575,559.3,567,33.77K
2016/8/16,567,583.4,563.4,580.2,37.69K
2016/8/17,580.2,581.1,568.7,572.3,32.76K
2016/8/18,572.3,579.5,570.8,573.4,30.39K
2016/8/19,573.4,577.9,566.3,574.6,25.53K
2016/8/20,574.6,583.5,572.3,582.6,23.12K
2016/8/21,582.6,585.3,577.8,580.7,14.16K
2016/8/22,580.7,591.9,577.1,587.5,33.56K
2016/8/23,587.5,589.9,578.6,583.6,32.08K
2016/8/24,583.6,584.5,576.8,579.7,28.06K
2016/8/25,579.7,580.7,570.8,578,32.73K
2016/8/26,578,582.7,575.8,579.4,21.17K
2016/8/27,579.4,580.4,567.3,570.3,18.69K
2016/8/28,570.3,576.3,569.2,575,12.83K
2016/8/29,575,578.6,571.4,574.2,23.86K
2016/8/30,574.2,579.9,572.5,577.3,27.48K
2016/8/31,577.3,578.3,571.7,573.9,24.93K
2016/9/1,573.9,705,569.4,572,25.87K
2016/9/2,572,577.6,569.3,575.3,26.61K
2016/9/3,575.3,605,572.6,598.8,35.70K
2016/9/4,598.8,615.2,590.8,609.5,30.69K
2016/9/5,609.5,610.6,598.8,605.8,25.29K
2016/9/6,605.8,612,603.5,610.4,24.33K
2016/9/7,610.4,616.5,606.2,613.2,30.03K
2016/9/8,613.2,629.3,611.3,625.6,36.33K
2016/9/9,625.6,627.6,617.3,623.2,28.33K
2016/9/10,623.2,627.5,621.1,624.5,15.28K
2016/9/11,624.5,630.8,592.8,605.6,36.54K
2016/9/12,605.6,610.6,603,608,27.95K
2016/9/13,608,612,604.9,608.6,27.52K
2016/9/14,608.6,612.2,606.4,609.5,24.24K
2016/9/15,609.5,610.7,605.1,608.1,22.69K
2016/9/16,608.1,610.4,605.2,607.8,21.85K
2016/9/17,607.8,609.6,604.5,607.1,15.89K
2016/9/18,607.1,612.4,605.2,610.7,16.33K
2016/9/19,610.7,612.4,607,609.8,21.24K
2016/9/20,609.8,611.3,605.9,609.2,22.61K
2016/9/21,609.2,608.8,591.7,597.2,36.86K
2016/9/22,597.2,599.8,592.8,595.6,22.44K
2016/9/23,595.6,603.7,594.1,602.9,25.92K
2016/9/24,602.9,605.9,600.5,602.6,13.47K
2016/9/25,602.6,604.9,598.3,601.5,13.28K
2016/9/26,601.5,608.5,598.2,606.5,27.51K
2016/9/27,606.5,609,601.7,605.5,25.55K
2016/9/28,605.5,606.9,602.6,604.7,18.94K
2016/9/29,604.7,607.2,602,604.7,25.32K
2016/9/30,604.7,608.8,602.3,608.1,23.95K
2016/10/1,608.1,615,607.1,613.4,16.93K
2016/10/2,613.4,614.2,607.7,610.7,16.54K
2016/10/3,610.7,613.2,608.5,611.6,21.95K
2016/10/4,611.6,612.7,606.5,609,24.99K
2016/10/5,609,613.7,608,611.8,23.40K
2016/10/6,611.8,612.7,608.5,611,21.63K
2016/10/7,611,619.4,609.1,616,32.73K
2016/10/8,616,619.6,614.9,617.7,13.62K
2016/10/9,617.7,618.3,613,615.8,13.43K
2016/10/10,615.8,618.8,612.8,617.3,25.23K
2016/10/11,617.3,642.3,615.6,640.5,55.77K
2016/10/12,640.5,642.5,632.2,636,26.95K
2016/10/13,636,639.5,632.3,635.6,25.62K
2016/10/14,635.6,640.5,630.7,637.9,31.42K
2016/10/15,637.9,641.4,635.1,637,12.38K
2016/10/16,637,642.2,636.4,640.1,12.89K
2016/10/17,640.1,641.3,634.9,637.4,27.69K
2016/10/18,637.4,639.3,632.2,635.3,24.60K
2016/10/19,635.3,637.3,624.1,629.1,35.29K
2016/10/20,629.1,630.8,625.5,628.3,20.94K
2016/10/21,628.3,633.3,627.6,630.5,28.09K
2016/10/22,630.5,659.9,629.7,655.5,37.10K
2016/10/23,655.5,661.2,648.8,653,21.91K
2016/10/24,653,654.3,645.7,650.5,33.24K
2016/10/25,650.5,662.5,647.7,651,36.74K
2016/10/26,651,678.4,651.4,674.7,47.67K
2016/10/27,674.7,687.9,672.3,682.3,46.56K
2016/10/28,682.3,688.4,678.6,686.2,38.97K
2016/10/29,686.2,720.2,685.2,715,54.03K
2016/10/30,715,714.9,689.5,697.3,39.33K
2016/10/31,697.3,707.2,682.2,698.7,38.05K
2016/11/1,698.7,734.4,695.2,726.8,68.07K
2016/11/2,726.8,735.8,718.1,733.5,39.04K
2016/11/3,733.5,744.4,670.4,684.9,96.41K
2016/11/4,684.9,706.6,681.3,702.1,48.24K
2016/11/5,702.1,706.4,694,702.1,22.02K
2016/11/6,702.1,714.1,697.6,709.9,25.81K
2016/11/7,709.9,711.7,698.3,705.4,30.74K
2016/11/8,705.4,714.6,701,710.9,39.73K
2016/11/9,710.9,741.2,707.1,721.4,70.70K
2016/11/10,721.4,723,707.3,714.6,33.33K
2016/11/11,714.6,719.8,711.7,715,25.58K
2016/11/12,715,717.4,701.1,704.3,27.60K
2016/11/13,704.3,705.6,685,702,36.14K
2016/11/14,702,708,696.1,704.6,37.75K
2016/11/15,704.6,716.9,697.9,711.1,41.40K
2016/11/16,711.1,746,708.1,740.3,79.57K
2016/11/17,740.3,751.9,730.1,737.5,62.77K
2016/11/18,737.5,751.4,731,747,39.71K
2016/11/19,747,755.3,737.4,747.9,25.63K
2016/11/20,747.9,752.3,712.8,728.5,47.42K
2016/11/21,728.5,744.3,726.5,736.2,32.51K
2016/11/22,736.2,754,730.6,749.3,44.44K
2016/11/23,749.3,750.9,731.3,741.1,37.87K
2016/11/24,741.1,744.2,726.2,735.3,37.24K
2016/11/25,735.3,741.3,729,740.4,28.85K
2016/11/26,740.4,741,725.6,734.1,22.58K
2016/11/27,734.1,738.3,727.1,729.4,21.35K
2016/11/28,729.4,738.1,727.7,733.3,34.12K
2016/11/29,733.3,737,727.8,732.6,32.57K
2016/11/30,732.6,745.4,730.6,742.5,39.28K
2016/12/1,742.5,755.5,741.1,752.6,54.03K
2016/12/2,752.6,779,752.3,770.9,63.22K
2016/12/3,770.9,772.3,755.8,764.2,38.45K
2016/12/4,764.2,769.2,758.8,766.4,19.16K
2016/12/5,766.4,769.2,746,754.3,51.17K
2016/12/6,754.3,762.5,750.9,758.2,33.43K
2016/12/7,758.2,769,754.3,765.6,34.87K
2016/12/8,765.6,773.4,761.2,768.5,28.78K
2016/12/9,768.5,773.5,765,770.5,24.18K
2016/12/10,770.5,777,769.2,774,18.02K
2016/12/11,774,774.2,763,767.9,17.14K
2016/12/12,767.9,781.3,767.9,778.5,28.76K
2016/12/13,778.5,790.3,767.8,778.7,33.11K
2016/12/14,778.7,780.8,771,776.5,24.78K
2016/12/15,776.5,780.3,773.1,775.2,26.22K
2016/12/16,775.2,783.9,773.3,782,27.61K
2016/12/17,782,791.6,779.4,787.2,23.58K
2016/12/18,787.2,791.3,783.8,789,14.53K
2016/12/19,789,793.7,786.3,789.8,25.46K
2016/12/20,789.8,800,787.1,799.1,34.48K
2016/12/21,799.1,833.1,796,829.2,65.29K
2016/12/22,829.2,874.7,828.9,860.2,70.56K
2016/12/23,860.2,920.3,858,917.2,102.22K
2016/12/24,917.2,920.5,880.8,891.1,46.03K
2016/12/25,891.1,895.2,851.4,891.1,42.48K
2016/12/26,891.1,909.3,885.9,898.4,38.79K
2016/12/27,898.4,937.9,893.4,925.8,49.69K
2016/12/28,925.8,974.5,925.5,972.2,77.29K
2016/12/29,972.2,982.6,949.2,971.1,61.13K
2016/12/30,971.1,971.6,927.4,959,70.84K
2016/12/31,959,965.5,942.4,963.4,27.56K
2017/1/1,963.4,1001.6,956.1,995.4,41.15K
2017/1/2,995.4,1031.7,990.2,1017,64.95K
2017/1/3,1017,1035.5,1006.5,1033.3,54.79K
2017/1/4,1033.3,1148.5,1022.3,1135.4,156.27K
2017/1/5,1135.4,1150.6,874.5,989.3,240.01K
2017/1/6,989.3,1027.4,852.5,886.2,194.29K
2017/1/7,886.2,900.9,806.7,888.9,130.66K
2017/1/8,888.9,936.1,875.8,900.9,76.91K
2017/1/9,900.9,910.5,870.9,899.8,62.58K
2017/1/10,899.8,911.3,890.1,904.4,53.71K
2017/1/11,904.4,917.7,751.6,785.4,194.44K
2017/1/12,785.4,828.2,739.5,810.1,120.24K
2017/1/13,810.1,835,771,824.8,89.86K
2017/1/14,824.8,838.9,808.3,819.6,44.21K
2017/1/15,819.6,826.4,808.6,821.2,24.40K
2017/1/16,821.2,836.7,817.7,827.3,33.22K
2017/1/17,827.3,906.4,825,899.7,82.21K
2017/1/18,899.7,913.7,845.9,872,69.26K
2017/1/19,872,905.3,870.7,895.2,58.44K
2017/1/20,895.2,901.5,878.9,892.9,38.87K
2017/1/21,892.9,928.9,889.5,919.8,40.38K
2017/1/22,919.8,938.4,888.6,918.8,47.93K
2017/1/23,918.8,928,910.8,921.5,32.74K
2017/1/24,921.5,925.6,889.2,893.8,58.87K
2017/1/25,893.8,905.7,883.6,894.4,37.90K
2017/1/26,894.4,919.3,893.5,915.6,33.80K
2017/1/27,915.6,922.6,907.9,918,30.97K
2017/1/28,918,921.9,912.8,918.5,14.31K
2017/1/29,918.5,922.4,912.7,914.5,11.05K
2017/1/30,914.5,922.3,911.5,920.7,19.06K
2017/1/31,920.7,967.5,917.4,965.5,54.67K
2017/2/1,965.5,986.6,959.8,982.4,45.22K
2017/2/2,982.4,1009.1,973.5,1004,50.86K
2017/2/3,1004,1023.7,989.2,1013,61.67K
2017/2/4,1013,1041,1000.4,1031.8,39.46K
2017/2/5,1031.8,1033.7,1004,1016.1,31.06K
2017/2/6,1016.1,1030.6,1010.8,1024.7,32.02K
2017/2/7,1024.7,1054.1,1019.9,1049.6,39.55K
2017/2/8,1049.6,1069.2,1020.3,1055.5,65.15K
2017/2/9,1055.5,1073,924.7,979,146.75K
2017/2/10,979,1005.6,947,997.6,62.13K
2017/2/11,997.6,1014.3,983.9,1008.3,28.32K
2017/2/12,1008.3,1007.8,992.5,996.5,14.75K
2017/2/13,996.5,1007.6,975.1,995.4,32.91K
2017/2/14,995.4,1013.8,986.5,1008.3,39.54K
2017/2/15,1008.3,1010.9,999.7,1008.2,23.36K
2017/2/16,1008.2,1040.3,1007.4,1031.9,38.08K
2017/2/17,1031.9,1057.4,1025.9,1049.4,45.71K
2017/2/18,1049.4,1063.2,1044.7,1052.3,25.36K
2017/2/19,1052.3,1056.5,1037.7,1048.9,17.95K
2017/2/20,1048.9,1081.8,1041,1077.6,31.01K
2017/2/21,1077.6,1123,1073.5,1119,57.05K
2017/2/22,1119,1132.3,1094.8,1120.5,47.91K
2017/2/23,1120.5,1181.6,1113.5,1171.9,65.74K
2017/2/24,1171.9,1211.7,1092.4,1176.5,108.17K
2017/2/25,1176.5,1180,1116.2,1149.1,45.86K
2017/2/26,1149.1,1177.5,1130.6,1171.6,30.77K
2017/2/27,1171.6,1195.8,1164.3,1188.8,35.47K
2017/2/28,1188.8,1208.2,1175.8,1189.3,50.58K
2017/3/1,1189.3,1225,1154.6,1222.7,51.15K
2017/3/2,1222.7,1287,1212,1255.5,78.49K
2017/3/3,1255.5,1291.3,1250.8,1283.3,67.28K
2017/3/4,1283.3,1285.8,1228.7,1264.3,38.42K
2017/3/5,1264.3,1273.3,1242.1,1271.2,25.43K
2017/3/6,1271.2,1280.6,1261,1277,31.03K
2017/3/7,1277,1280.9,1148.7,1232.7,87.72K
2017/3/8,1232.7,1242,1136.9,1147,97.88K
2017/3/9,1147,1207,1129.3,1191.3,59.86K
2017/3/10,1191.3,1330.4,988.7,1112.4,190.47K
2017/3/11,1112.4,1202.7,1104.8,1179.2,70.75K
2017/3/12,1179.2,1235.5,1160.9,1225.1,44.41K
2017/3/13,1225.1,1245.6,1205.6,1238.2,60.46K
2017/3/14,1238.2,1255.5,1218.4,1243.1,45.14K
2017/3/15,1243.1,1256.9,1236.4,1253.4,43.59K
2017/3/16,1253.4,1260.2,1119,1172.9,132.77K
2017/3/17,1172.9,1174.9,1063.5,1071.7,163.74K
2017/3/18,1071.7,1103.6,940.2,971.4,210.42K
2017/3/19,971.4,1063.7,967.3,1022.6,106.45K
2017/3/20,1022.6,1057.5,1005,1047.5,61.43K
2017/3/21,1047.5,1125.5,1043.9,1121.3,92.59K
2017/3/22,1121.3,1121.9,997.8,1044.7,115.29K
2017/3/23,1044.7,1062.8,1022,1035,56.52K
2017/3/24,1035,1038.4,927.3,939.7,132.60K
2017/3/25,939.7,996,890.4,966.3,127.05K
2017/3/26,966.3,1004.3,946.7,969.4,85.33K
2017/3/27,969.4,1048.8,961.8,1045.1,91.26K
2017/3/28,1045.1,1068.4,1015.5,1044.4,80.00K
2017/3/29,1044.4,1058.7,1008.3,1041.9,68.85K
2017/3/30,1041.9,1052.7,1020.9,1037.9,74.99K
2017/3/31,1037.9,1088.2,1035.2,1079.1,90.99K
2017/4/1,1079.1,1103.7,1067.5,1086.1,50.66K
2017/4/2,1086.1,1109.5,1074.2,1097.4,70.98K
2017/4/3,1097.4,1157.9,1095.6,1147.6,98.50K
2017/4/4,1147.6,1161.2,1122.2,1141.8,71.00K
2017/4/5,1141.8,1143.8,1110.1,1129.9,69.47K
2017/4/6,1129.9,1201.6,1130.5,1188.7,92.36K
2017/4/7,1188.7,1201.2,1173.2,1190.5,59.75K
2017/4/8,1190.5,1198.2,1166.7,1180.8,33.18K
2017/4/9,1180.8,1215.1,1174,1204.3,45.35K
2017/4/10,1204.3,1214.9,1194.8,1206.7,40.01K
2017/4/11,1206.7,1229.6,1195.8,1220.7,37.40K
2017/4/12,1220.7,1225.5,1207.4,1212.5,44.78K
2017/4/13,1212.5,1218.7,1150.3,1176.2,66.05K
2017/4/14,1176.2,1195.4,1162.2,1177.3,47.22K
2017/4/15,1177.3,1194.8,841.5,1177,28.39K
2017/4/16,1177,1188,1166.7,1176.8,18.93K
2017/4/17,1176.8,1203,1172.8,1194,46.48K
2017/4/18,1194,1213.9,1191.1,1206.1,52.75K
2017/4/19,1206.1,1218.2,1194.1,1215.2,43.35K
2017/4/20,1215.2,1246.6,1210.7,1238.1,55.20K
2017/4/21,1238.1,1257,1235.6,1249.6,41.34K
2017/4/22,1249.6,1257,1215.8,1240.9,43.82K
2017/4/23,1240.9,1256.2,1223.1,1249.1,42.61K
2017/4/24,1249.1,1256.4,1234.9,1248.2,38.54K
2017/4/25,1248.2,1272.6,1244.2,1264.3,43.89K
2017/4/26,1264.3,1309.2,1263,1286.6,58.91K
2017/4/27,1286.6,1346.8,1285.3,1332.9,61.77K
2017/4/28,1332.9,1356.2,1287.6,1329.6,77.57K
2017/4/29,1329.6,1343.7,1314.2,1336.3,40.97K
2017/4/30,1336.3,1358.9,1309.7,1351.9,40.64K
2017/5/1,1351.9,1448.7,1342.8,1415.8,100.44K
2017/5/2,1415.8,1471.1,1394.8,1445.9,70.01K
2017/5/3,1445.9,1496.4,1424.1,1485.6,81.72K
2017/5/4,1485.6,1609.8,1437.1,1516.8,136.71K
2017/5/5,1516.8,1588.1,1485,1507.8,120.38K
2017/5/6,1507.8,1560.4,1503.9,1545.3,59.60K
2017/5/7,1545.3,1572.9,1495.2,1554.4,71.36K
2017/5/8,1554.4,1667.7,1552.9,1664.5,107.23K
2017/5/9,1664.5,1757.4,1620,1697.5,127.23K
2017/5/10,1697.5,1766.2,1665,1752.3,89.68K
2017/5/11,1752.3,1864.8,1741.5,1819.3,109.01K
2017/5/12,1819.3,1822.5,1641.2,1686.4,109.34K
2017/5/13,1686.4,1770.5,1594.6,1763.7,75.47K
2017/5/14,1763.7,1802.8,1736.1,1772.6,40.64K
2017/5/15,1772.6,1776.7,1656.8,1708.9,80.24K
2017/5/16,1708.9,1752.6,1653.7,1729.3,75.54K
2017/5/17,1729.3,1842.8,1704,1801.3,94.62K
2017/5/18,1801.3,1980.5,1791.1,1881,73.10K
2017/5/19,1881,1969.7,1875.3,1962,98.76K
2017/5/20,1962,2048.4,1944.4,2040.2,89.86K
2017/5/21,2040.2,2094.9,1980.1,2044.2,78.78K
2017/5/22,2044.2,2264.8,1998.6,2124.4,174.38K
2017/5/23,2124.4,2286.3,2110.8,2272.6,114.18K
2017/5/24,2272.6,2497,2263.3,2445.3,149.26K
2017/5/25,2445.3,2781.8,2210.5,2307.2,248.44K
2017/5/26,2307,2616.5,2051.4,2244.9,191.49K
2017/5/27,2244.9,2322.4,1868.6,2052.4,222.95K
2017/5/28,2052.4,2300.5,2051.1,2189,125.00K
2017/5/29,2189,2337.4,2117.3,2278.2,92.24K
2017/5/30,2278.2,2329.3,2147.1,2192.6,120.96K
2017/5/31,2192.6,2330.6,2168.4,2303.3,117.75K
2017/6/1,2303.3,2460.8,2303.3,2412.6,122.70K
2017/6/2,2412.6,2494,2385.6,2492.6,83.03K
2017/6/3,2492.6,2582.8,2449.9,2545.4,70.96K
2017/6/4,2545.4,2559.8,2478.2,2524.1,59.48K
2017/6/5,2524.1,2705.4,2523.9,2705,86.69K
2017/6/6,2705,2931.2,2699.7,2870.5,192.23K
2017/6/7,2870.5,2880.9,2626.6,2691.5,122.68K
2017/6/8,2691.5,2808.4,2623.6,2798.8,95.42K
2017/6/9,2798.8,2852.1,2786.1,2811.4,67.05K
2017/6/10,2811.4,2914.2,2807.4,2900.3,86.52K
2017/6/11,2900.3,2977.9,2867.3,2973.4,83.03K
2017/6/12,2973.4,2985.1,2483.6,2656.8,217.96K
2017/6/13,2656.8,2784.8,2647.4,2713,116.74K
2017/6/14,2713,2803.7,2349,2467.3,174.19K
2017/6/15,2467.3,2521.6,2125.6,2442.5,262.79K
2017/6/16,2442.5,2536.4,2335.3,2508.6,117.21K
2017/6/17,2508.6,2690.7,2454.8,2655.1,95.95K
2017/6/18,2655.1,2676,2488.6,2539.6,92.00K
2017/6/19,2539.6,2617.8,2518.8,2616.8,81.83K
2017/6/20,2616.8,2800.5,2614,2754.4,111.30K
2017/6/21,2754.4,2804.4,2624.4,2677.6,116.03K
2017/6/22,2677.6,2757.3,2623.2,2722.8,78.30K
2017/6/23,2722.8,2759.7,2699.5,2710.4,56.94K
2017/6/24,2710.4,2741.6,2540.4,2590.1,86.96K
2017/6/25,2590.1,2660.7,2472.4,2541.6,86.97K
2017/6/26,2541.6,2584.8,2327.3,2446.1,165.83K
2017/6/27,2446.1,2585.1,2309.6,2583.8,159.26K
2017/6/28,2583.8,2616.9,2490.1,2577.7,110.42K
2017/6/29,2577.7,2605.9,2526.5,2558.4,75.32K
2017/6/30,2558.4,2576.3,2469.5,2480.6,73.00K
2017/7/1,2480.6,2529.6,2387.5,2424.6,66.32K
2017/7/2,2424.6,2555.3,2375.9,2536.5,67.76K
2017/7/3,2536.5,2617.5,2506.3,2572.5,83.42K
2017/7/4,2572.5,2658.7,2570,2617.3,80.68K
2017/7/5,2617.3,2642.7,2562,2627.9,89.72K
2017/7/6,2627.9,2634.8,2581.8,2614.2,60.16K
2017/7/7,2614.2,2617.5,2484.7,2513.9,90.45K
2017/7/8,2513.9,2568.7,2480.6,2564.9,54.51K
2017/7/9,2564.9,2576.7,2509.6,2511.4,39.16K
2017/7/10,2511.4,2530.3,2271.8,2344,123.80K
2017/7/11,2344,2412.8,2265.5,2324.3,146.63K
2017/7/12,2324.3,2424.8,2262.1,2403.1,109.52K
2017/7/13,2403.1,2436.7,2335,2362.4,88.17K
2017/7/14,2362.4,2370.5,2165.4,2234.2,114.41K
2017/7/15,2234.2,2237.1,1974,1975.1,155.32K
2017/7/16,1975.1,2044.4,1809,1914.1,189.64K
2017/7/17,1914.1,2233.8,1913.8,2233.4,176.89K
2017/7/18,2233.4,2400.7,2164.6,2320.2,202.62K
2017/7/19,2320.2,2412.4,2243.1,2282.6,154.32K
2017/7/20,2282.6,2932.8,2282.1,2866,310.34K
2017/7/21,2866,2874,2622.5,2675.1,193.76K
2017/7/22,2675.1,2876.7,2658.6,2836.5,121.92K
2017/7/23,2836.5,2856.7,2675.6,2756.6,108.23K
2017/7/24,2756.6,2798.9,2715.7,2763.4,83.01K
2017/7/25,2763.4,2779.1,2472.6,2582.6,205.88K
2017/7/26,2582.6,2631.7,2441.5,2559.2,135.50K
2017/7/27,2559.2,2712.9,2547.7,2691.9,103.83K
2017/7/28,2691.9,2843.8,2683.6,2806.8,138.91K
2017/7/29,2806.8,2812.1,2699.4,2733.5,84.49K
2017/7/30,2733.5,2773.1,2621.7,2766.5,82.72K
2017/7/31,2766.5,2916.3,2723.1,2883.3,91.12K
2017/8/1,2883.3,2946,2659.6,2747,123.17K
2017/8/2,2747,2773.8,2668.9,2720.5,81.82K
2017/8/3,2720.5,2822.9,2717.6,2810,68.10K
2017/8/4,2810,2892.7,2779.5,2878.5,68.76K
2017/8/5,2878.5,3344,2875.9,3262.8,159.40K
2017/8/6,3262.8,3295.1,3166.5,3232,60.66K
2017/8/7,3232,3425.1,3198.5,3401.9,88.11K
2017/8/8,3401.9,3494.9,3357.1,3429.4,106.94K
2017/8/9,3429.4,3437.1,3251,3348.8,97.06K
2017/8/10,3348.8,3453.8,3322.9,3425.7,71.00K
2017/8/11,3425.7,3706.5,3409.8,3654.4,97.56K
2017/8/12,3654.4,3967.3,3611.4,3871.6,123.59K
2017/8/13,3871.6,4189.4,3847.3,4062.6,158.59K
2017/8/14,4062.6,4336.7,3978.9,4327.9,128.46K
2017/8/15,4327.9,4436.5,3837.1,4161.7,211.58K
2017/8/16,4161.7,4398.1,3938.6,4387.4,112.90K
2017/8/17,4387.4,4487.5,4194.1,4278.9,127.48K
2017/8/18,4278.9,4362.7,3978.3,4105.4,144.40K
2017/8/19,4105.4,4189.7,3957.5,4150.5,113.72K
2017/8/20,4150.5,4182.3,4034.4,4066.6,70.16K
2017/8/21,4066.6,4097.3,3966.9,4005.1,90.65K
2017/8/22,4005.1,4142.7,3612.2,4089.7,169.14K
2017/8/23,4089.7,4255.6,4070.5,4141.1,96.65K
2017/8/24,4141.1,4364.1,4111.7,4318.4,72.36K
2017/8/25,4318.4,4461.7,4292.6,4364.4,82.90K
2017/8/26,4364.4,4379.3,4263.3,4352.3,46.16K
2017/8/27,4352.3,4408.2,4321.1,4345.8,42.52K
2017/8/28,4345.8,4403.1,4195.2,4390.3,75.49K
2017/8/29,4390.3,4647.8,4350.2,4597.3,100.80K
2017/8/30,4597.3,4644.1,4491.8,4583,68.47K
2017/8/31,4583,4765.1,4580.1,4735.1,72.29K
2017/9/1,4735.1,4925.2,4690.2,4921.9,102.01K
2017/9/2,4921.9,4976.5,4448.6,4573.8,160.77K
2017/9/3,4573.8,4719.8,4397.7,4612.9,102.82K
2017/9/4,4612.9,4621,4098.6,4267.5,170.40K
2017/9/5,4267.5,4496.7,4004.6,4409.1,158.41K
2017/9/6,4409.1,4660,4401.5,4618.7,110.93K
2017/9/7,4618.7,4690.5,4493.2,4635.6,70.53K
2017/9/8,4635.6,4699.6,4130.9,4326.5,180.36K
2017/9/9,4326.5,4402.1,4185.3,4335.1,77.09K
2017/9/10,4335.1,4338.1,4032.1,4245.9,108.08K
2017/9/11,4245.9,4364.4,4134.6,4217.9,88.76K
2017/9/12,4217.9,4387.8,4075,4158.9,107.04K
2017/9/13,4158.9,4174.6,3752,3870.3,186.54K
2017/9/14,3870.3,3930.7,3219,3243.1,317.59K
2017/9/15,3243.1,3824.4,2979.9,3713.8,448.55K
2017/9/16,3713.8,3893.7,3551.8,3698.9,169.36K
2017/9/17,3698.9,3796.6,3485.8,3689.6,96.07K
2017/9/18,3689.6,4122.8,3689,4100.3,147.93K
2017/9/19,4100.3,4120.7,3852.2,3908,123.22K
2017/9/20,3908,4053,3846.8,3882.2,86.65K
2017/9/21,3882.2,3912.8,3576.5,3617.3,145.13K
2017/9/22,3617.3,3753.5,3505.8,3600.8,114.72K
2017/9/23,3600.8,3813.4,3563.2,3788,67.82K
2017/9/24,3788,3790.9,3633.9,3667.5,49.66K
2017/9/25,3667.5,3971.5,3665.7,3932.8,100.20K
2017/9/26,3932.8,3982.3,3858.8,3892.7,63.25K
2017/9/27,3892.7,4232.4,3882.1,4212.2,117.60K
2017/9/28,4212.2,4274.6,4112.9,4195.6,92.23K
2017/9/29,4195.6,4237.5,4030.4,4172.8,97.80K
2017/9/30,4172.8,4383.3,4164.3,4360.6,67.49K
2017/10/1,4360.6,4412.6,4258.3,4403.1,60.58K
2017/10/2,4403.1,4477.4,4364.7,4401.3,71.20K
2017/10/3,4401.3,4436,4230.7,4314.2,81.87K
2017/10/4,4314.2,4355.3,4183.6,4218.7,64.08K
2017/10/5,4218.7,4365.8,4143.4,4321.4,63.61K
2017/10/6,4321.4,4422.1,4296.9,4371.9,61.69K
2017/10/7,4371.9,4472.9,4319.5,4435.8,40.20K
2017/10/8,4435.8,4622.9,4419.4,4611.7,71.37K
2017/10/9,4611.7,4875.4,4556.1,4777.5,110.19K
2017/10/10,4777.5,4930,4722.8,4763.4,98.49K
2017/10/11,4763.4,4874.9,4718.6,4824.2,70.48K
2017/10/12,4824.2,5432.6,4815,5432.6,163.92K
2017/10/13,5432.6,5852.8,5392,5637.3,215.02K
2017/10/14,5637.3,5839.6,5568.9,5824.7,76.22K
2017/10/15,5824.7,5862.7,5448.2,5688.1,101.64K
2017/10/16,5677.4,5795.3,5576.1,5759.3,61.36K
2017/10/17,5759.3,5773.3,5521.1,5598.6,65.64K
2017/10/18,5598.6,5601.3,5114.9,5575.8,122.02K
2017/10/19,5576.7,5737.4,5517.6,5698.6,83.06K
2017/10/20,5698.6,6075.3,5611.4,5993.1,123.86K
2017/10/21,5993.1,6187.2,5874.5,6006.6,112.94K
2017/10/22,6006.6,6070.6,5723,5982.9,105.03K
2017/10/23,5982.9,6049,5644.2,5903.6,137.14K
2017/10/24,5903.6,5904.6,5463.4,5513.1,143.74K
2017/10/25,5513.1,5748,5375.6,5734,105.84K
2017/10/26,5734,5970.4,5689.9,5887.6,93.68K
2017/10/27,5887.6,5997.8,5692.3,5764.6,83.93K
2017/10/28,5764.6,5871,5654.8,5726.6,53.23K
2017/10/29,5726.6,6295.4,5679.4,6147.5,163.06K
2017/10/30,6147.7,6226.2,6019,6124.3,78.62K
2017/10/31,6124.3,6467.2,6090.8,6451.2,101.25K
2017/11/1,6449.1,6738.7,6355,6737.8,133.19K
2017/11/2,6737.8,7339.9,6737.8,7024.8,238.80K
2017/11/3,7024.8,7445.6,6938.9,7152.1,154.89K
2017/11/4,7147,7492.2,6957.8,7363.8,106.60K
2017/11/5,7363.8,7599.4,7284.3,7389.5,105.73K
2017/11/6,7389.5,7429.7,6934.7,6959.2,159.69K
2017/11/7,6959.3,7222.4,6957.8,7102.8,101.05K
2017/11/8,7102.2,7869.1,7027,7444.4,220.22K
2017/11/9,7444.4,7457.1,7040.8,7129.6,126.77K
2017/11/10,7129.6,7319,6406,6565.8,222.00K
2017/11/11,6565.8,6821.5,6197.9,6339.9,135.72K
2017/11/12,6339.9,6490.5,5493.6,5878.1,269.83K
2017/11/13,5878.1,6760.1,5828.3,6522.5,178.34K
2017/11/14,6522.5,6728.6,6419.2,6597.1,96.50K
2017/11/15,6597.1,7330.1,6596.9,7283.2,131.12K
2017/11/16,7283,7964.6,7119.2,7853.7,133.94K
2017/11/17,7853.7,8000.2,7534.7,7700,117.35K
2017/11/18,7700,7857.5,7458.9,7780.9,74.38K
2017/11/19,7781,8100.9,7675.4,8042.6,68.62K
2017/11/20,8042.6,8294.1,7947.3,8244.7,75.70K
2017/11/21,8245.9,8368.4,7819.1,8100,115.45K
2017/11/22,8099.9,8304.4,8091.6,8234.5,65.81K
2017/11/23,8234.5,8266.5,8012.4,8013.4,68.01K
2017/11/24,8013.4,8332.9,7900.2,8200.8,73.00K
2017/11/25,8203.5,8762,8153.7,8754.7,84.67K
2017/11/26,8754.6,9474.6,8746.6,9318.4,85.89K
2017/11/27,9318.4,9733.6,9316.8,9733.2,106.90K
2017/11/28,9732.6,9969.6,9638.2,9906,87.76K
2017/11/29,9906,11417.8,8938.7,9837.9,233.33K
2017/11/30,9848,10689.1,9023.8,9946.8,187.01K
2017/12/1,9947.1,10942.8,9420.9,10861.5,131.92K
2017/12/2,10861.5,11175.2,10715.5,10912.7,86.83K
2017/12/3,10912.7,11851.1,10578.4,11246.2,122.13K
2017/12/4,11244.2,11624.6,10917.8,11623.9,93.17K
2017/12/5,11624.4,11901.9,11486.1,11667.1,89.69K
2017/12/6,11667.1,13843.2,11661.8,13749.6,191.58K
2017/12/7,13750.1,16879.3,13401.6,16850.3,297.11K
2017/12/8,16868,17294.8,13906.1,16047.6,286.76K
2017/12/9,16048.2,16313.2,13151.5,14843.4,181.98K
2017/12/10,14840,15783.2,13031,15059.6,201.62K
2017/12/11,15060.5,17399.2,15024.6,16732.5,159.73K
2017/12/12,16733.3,17560.7,16254.5,17083.9,132.85K
2017/12/13,17083.9,17268,15669.9,16286.8,155.41K
2017/12/14,16286.8,16941.1,16023.6,16467.9,107.92K
2017/12/15,16467.9,17987,16442.2,17604.8,153.65K
2017/12/16,17594.1,19587.7,17318.5,19345.5,112.17K
2017/12/17,19346.6,19870.6,18750.9,19065.7,117.41K
2017/12/18,19065.7,19221.1,18114.4,18972.3,139.25K
2017/12/19,18971.2,19022,16812.8,17523.7,174.54K
2017/12/20,17521.7,17813.6,15642.7,16462,227.68K
2017/12/21,16461.1,17301.8,14953,15632.1,163.74K
2017/12/22,15632.1,15823.7,10875.7,13665,466.98K
2017/12/23,13665,15493.2,13356.1,14396.5,170.17K
2017/12/24,14396.6,14413.7,12166.5,13790,182.42K
2017/12/25,13790,14467.4,13010.7,13833.5,107.48K
2017/12/26,13830.2,16094.7,13748.5,15756.6,143.14K
2017/12/27,15757,16514.6,14534.7,15416.6,138.71K
2017/12/28,15416.3,15505.5,13466.1,14398.7,170.37K
2017/12/29,14398.5,15109.8,13951.1,14392.6,118.88K
2017/12/30,14392.1,14461.5,11962.1,12531.5,182.07K
2017/12/31,12532.4,14241.8,12359.4,13850.4,111.27K
2018/1/1,13850.5,13921.5,12877.7,13444.9,78.43K
2018/1/2,13444.9,15306.1,12934.2,14754.1,137.73K
2018/1/3,14754.1,15435,14579.7,15156.6,106.54K
2018/1/4,15156.5,15408.7,14244.7,15180.1,110.97K
2018/1/5,15180.1,17126.9,14832.4,16954.8,141.96K
2018/1/6,16954.8,17252.8,16286.6,17172.3,83.93K
2018/1/7,17174.5,17184.8,15791.1,16228.2,79.01K
2018/1/8,16228.3,16302.9,13902.3,14976.2,142.45K
2018/1/9,14976.2,15324.6,14613.4,14778.5,71.40K
2018/1/10,14778.5,15045.4,13613.1,15043,87.07K
2018/1/11,15046.7,15109.1,13048.3,13535.4,167.81K
2018/1/12,13529.2,14176.4,13410,13886.7,82.37K
2018/1/13,13896,14640.7,13888.2,14292.2,61.14K
2018/1/14,14291.9,14446.1,13094.7,13695.2,85.12K
2018/1/15,13695.5,14396.6,13475.4,13697.5,73.27K
2018/1/16,13704.4,13711,10050.7,11362,317.10K
2018/1/17,11357.7,11769.6,9271.3,11192.3,361.80K
2018/1/18,11202,12004.7,10660.2,11245.4,242.45K
2018/1/19,11229.6,11973.2,10901.5,11580.2,170.74K
2018/1/20,11579.2,13082.2,11567.3,12858.9,143.90K
2018/1/21,12857.1,12860.2,11164.5,11594.9,206.96K
2018/1/22,11597.5,11970.9,10136.8,10864.8,201.73K
2018/1/23,10869,11438,10056.6,10903.2,188.37K
2018/1/24,10899.4,11549.5,10584.5,11452.3,136.06K
2018/1/25,11439.9,11740.9,10983.8,11203,181.81K
2018/1/26,11203.1,11655.3,10389.4,11118.1,253.91K
2018/1/27,11118,11621.7,10908.4,11467.5,163.49K
2018/1/28,11471.2,12112.7,11433.3,11795.1,154.63K
2018/1/29,11794.9,11888.1,11119,11244.8,137.42K
2018/1/30,11244.5,11277.2,9917.7,10166,264.72K
2018/1/31,10166.3,10397.7,9742.2,10265.4,208.47K
2018/2/1,10266.2,10303,8789.2,9181.1,358.40K
2018/2/2,9179.8,9201.4,7915.8,8893.2,519.40K
2018/2/3,8894.4,9506.9,8249.3,9241.1,248.71K
2018/2/4,9241.5,9382.1,7932.1,8222.2,280.94K
2018/2/5,8220.8,8383.2,6651.9,6938.5,593.89K
2018/2/6,6939.3,7896.2,5996.6,7701.2,886.88K
2018/2/7,7693.8,8536.5,7196.6,7594.7,445.62K
2018/2/8,7595.1,8489.9,7595.1,8164.2,296.10K
2018/2/9,8163.6,8735.6,7784.6,8699.8,233.94K
2018/2/10,8697.3,9066.6,8172.2,8559.6,263.53K
2018/2/11,8559.7,8564.2,7843.7,8081.9,236.20K
2018/2/12,8083.6,8984.9,8083.6,8903.5,238.67K
2018/2/13,8906.2,8942.7,8378,8539.2,195.87K
2018/2/14,8542.6,9500,8541.6,9476.3,246.88K
2018/2/15,9475.6,10206.8,9348.5,10037.3,291.28K
2018/2/16,10031.3,10294.3,9707.7,10178.7,206.44K
2018/2/17,10177.3,11095.9,10070.9,11073.5,224.76K
2018/2/18,11073.7,11271.6,10137.2,10398.8,288.91K
2018/2/19,10396.6,11250.5,10324.8,11169.4,215.20K
2018/2/20,11169.7,11791.5,11119.9,11238.7,267.56K
2018/2/21,11240.9,11289.7,10252.2,10473,327.14K
2018/2/22,10470.1,10930.2,9743.9,9841.7,316.63K
2018/2/23,9840.6,10419.1,9597.8,10170.4,271.50K
2018/2/24,10163.8,10506.1,9394.5,9704.3,239.16K
2018/2/25,9703.1,9860.3,9330.1,9585.2,196.49K
2018/2/26,9590.9,10378.4,9410.3,10285.1,235.94K
2018/2/27,10287.8,10867.2,10120.5,10594.4,202.58K
2018/2/28,10584.4,11070.7,10303.4,10333.9,215.22K
2018/3/1,10335.1,11047.8,10248.7,10904.5,188.77K
2018/3/2,10904.5,11167,10677.1,10827.7,201.69K
2018/3/3,10822.5,11420.7,9585.5,11402.3,172.20K
2018/3/4,11402.8,11490.3,10878.4,11416.5,156.40K
2018/3/5,11415.7,11506.9,11281.2,11330.6,162.11K
2018/3/6,11314.2,11316.4,10412,10675.1,230.65K
2018/3/7,10779,10899,9422.1,9902.9,284.54K
2018/3/8,9910.7,10109,9037,9300,256.26K
2018/3/9,9301.9,9420.5,8351,9217,371.46K
2018/3/10,9216.2,9500,8691.1,8762,198.73K
2018/3/11,8732.2,9719.6,8516.4,9529.6,266.59K
2018/3/12,9535.8,9892.2,8804.1,9137.4,257.91K
2018/3/13,9138.7,9482,8875.1,9154.9,239.46K
2018/3/14,9154.9,9353.4,7958.5,8210.6,305.45K
2018/3/15,8210.2,8427,7691.7,8264.4,326.53K
2018/3/16,8264.3,8604.8,7929.1,8289.2,236.13K
2018/3/17,8198,8344.8,7760.2,7874.9,208.05K
2018/3/18,7873.2,8283.6,7323.3,8201.2,348.02K
2018/3/19,8200.9,8698.3,8127.7,8616.8,316.96K
2018/3/20,8614.1,9039.6,8326.8,8912.6,253.44K
2018/3/21,8912.4,9173.4,8775.1,8905.9,218.19K
2018/3/22,8903.7,9096.2,8499.1,8726.2,223.01K
2018/3/23,8725.3,8917,8305.6,8916.8,210.11K
2018/3/24,8917.3,9008.8,8523.6,8547.4,177.43K
2018/3/25,8549.1,8679,8392.2,8473.2,149.52K
2018/3/26,8474,8515.7,7865.9,8143.5,247.18K
2018/3/27,8146.5,8218.3,7760.6,7801.7,223.10K
2018/3/28,7803,8110.4,7754.5,7954.9,167.36K
2018/3/29,7955.2,7980.7,6954.9,7129.2,348.75K
2018/3/30,7132.4,7288.1,6603.8,6853.7,417.31K
2018/3/31,6856.5,7221.5,6804.9,6938.2,245.30K
2018/4/1,6939.1,7047.7,6460.1,6825.2,257.53K
2018/4/2,6825.4,7121.3,6787.6,7068.4,199.31K
2018/4/3,7067.2,7519.3,7032.9,7424.2,230.80K
2018/4/4,7423.8,7432.9,6726.9,6808.9,239.51K
2018/4/5,6808.7,6918.2,6592.5,6782,221.70K
2018/4/6,6783.7,6859.7,6523.4,6624.3,174.90K
2018/4/7,6624.5,7071.9,6616.1,6905.7,177.10K
2018/4/8,6905.9,7113.4,6903.9,7030.5,132.51K
2018/4/9,7035.7,7192.5,6633.2,6781.9,241.19K
2018/4/10,6782.6,6899.5,6671.6,6854.8,134.23K
2018/4/11,6855.6,6988.6,6818.4,6962.1,142.07K
2018/4/12,6963.3,8009.6,6779.3,7926.6,398.30K
2018/4/13,7926.9,8228,7756.6,7887.4,296.95K
2018/4/14,7891.1,8180.2,7839.3,8004.4,164.71K
2018/4/15,8004.6,8411.5,8004.6,8363.6,160.26K
2018/4/16,8362.2,8412.9,7908.5,8070,197.70K
2018/4/17,8070,8171.7,7852.8,7908.6,162.59K
2018/4/18,7908.5,8227.6,7895.3,8178.4,163.26K
2018/4/19,8179,8303.7,8126.7,8290.8,155.08K
2018/4/20,8292.3,8926.2,8224.5,8867,225.96K
2018/4/21,8867,9027.7,8614.5,8923.1,206.01K
2018/4/22,8923.6,9022.3,8766.5,8806.7,161.89K
2018/4/23,8809.3,9001,8785.3,8952.8,147.54K
2018/4/24,8952.7,9734.8,8937,9645.3,260.79K
2018/4/25,9645,9753.1,8768.1,8873.1,395.67K
2018/4/26,8874.5,9303.6,8669.8,9287,248.39K
2018/4/27,9282.8,9386.3,8920.2,8940.9,184.91K
2018/4/28,8940.8,9428.9,8895.5,9352.4,199.78K
2018/4/29,9352.2,9565.1,9182.8,9415.1,184.72K
2018/4/30,9415.8,9456.7,9135.4,9245.1,156.83K
2018/5/1,9245.1,9245.1,8851,9074.9,173.35K
2018/5/2,9076.8,9265.7,8991.9,9243.2,137.48K
2018/5/3,9244.2,9809.4,9171.4,9749.7,201.18K
2018/5/4,9747.6,9800.9,9549,9708.6,161.55K
2018/5/5,9709.5,9992.8,9691.3,9853.5,158.45K
2018/5/6,9859.6,9957.7,9446.7,9656.4,150.95K
2018/5/7,9651.1,9675.6,9204.2,9431.6,165.08K
2018/5/8,9373.9,9404.4,9079.8,9196.4,157.45K
2018/5/9,9194.9,9377.9,8988,9319.1,147.89K
2018/5/10,9319.2,9393.3,9013.4,9025.7,152.71K
2018/5/11,9026,9028.7,8359.6,8408.3,270.62K
2018/5/12,8409.6,8646.1,8184.1,8459.5,210.87K
2018/5/13,8489.1,8758.4,8330,8693.5,149.80K
2018/5/14,8693.4,8878.3,8305.1,8674.1,212.05K
2018/5/15,8674,8842.1,8436.5,8477,179.62K
2018/5/16,8477,8496.4,8120.1,8344.4,188.03K
2018/5/17,8344.6,8458.7,8022.3,8063,154.36K
2018/5/18,8064.4,8273.6,7939.8,8245.7,150.32K
2018/5/19,8244.7,8389.1,8153.2,8245.1,107.89K
2018/5/20,8243.9,8580.4,8184.7,8529,113.76K
2018/5/21,8529.5,8550.6,8375.5,8403.3,115.52K
2018/5/22,8403.8,8414.5,7979.3,8006,137.51K
2018/5/23,8005.7,8047.4,7467.6,7512.3,237.60K
2018/5/24,7512.3,7736.6,7293.4,7592.9,211.11K
2018/5/25,7593.9,7653.4,7355.6,7477.7,161.82K
2018/5/26,7478.5,7619.3,7331.5,7361.3,103.07K
2018/5/27,7361.9,7411.8,7267.5,7366.7,103.29K
2018/5/28,7367.3,7446.9,7090.6,7119.3,152.29K
2018/5/29,7119.3,7533,7069.8,7467.7,186.97K
2018/5/30,7469.2,7565.2,7306.8,7400.1,140.37K
2018/5/31,7400.8,7611.9,7355,7502.6,144.52K
2018/6/1,7502.5,7610.4,7375.8,7530.8,135.92K
2018/6/2,7530.8,7694.5,7467.9,7646.6,121.18K
2018/6/3,7646.6,7775,7611.3,7729.3,116.68K
2018/6/4,7729.3,7759.9,7468.4,7504.3,141.01K
2018/6/5,7507.4,7672.6,7391,7631.5,145.23K
2018/6/6,7631.5,7699.1,7504.4,7661,130.66K
2018/6/7,7661,7754.7,7657.7,7697.8,124.00K
2018/6/8,7697.9,7710.5,7556.9,7622.1,112.88K
2018/6/9,7622.1,7689,7493.3,7515.8,97.56K
2018/6/10,7515.8,7516.3,6668.1,6775.1,275.69K
2018/6/11,6775.2,6910.8,6657.2,6885.9,174.88K
2018/6/12,6885.9,6887.2,6476,6558.2,178.26K
2018/6/13,6558.5,6624.6,6129.1,6312.3,237.48K
2018/6/14,6312.3,6711.5,6283.6,6647.1,201.54K
2018/6/15,6647.3,6655.8,6395.7,6410.3,143.53K
2018/6/16,6410,6564.2,6358,6505.8,108.79K
2018/6/17,6505.8,6593,6452.1,6460.3,90.67K
2018/6/18,6460.5,6794.5,6410.9,6719.8,135.70K
2018/6/19,6719.8,6839.5,6681.5,6752.4,120.54K
2018/6/20,6752.3,6812.7,6575.1,6765.4,121.48K
2018/6/21,6765.8,6797.5,6695.1,6728,99.29K
2018/6/22,6728.2,6739.7,5955,6055.7,278.22K
2018/6/23,6055.2,6259,6032.8,6167.3,142.90K
2018/6/24,6167.9,6248.3,5785.3,6154.6,240.60K
2018/6/25,6155.1,6331.2,6101.7,6256.6,210.69K
2018/6/26,6256.9,6267.7,6060,6082.1,176.66K
2018/6/27,6081.1,6187.3,6025.4,6154.9,133.42K
2018/6/28,6154.9,6178.4,5854,5883.5,156.05K
2018/6/29,5883.2,6284.9,5818.5,6213.3,206.96K
2018/6/30,6213.4,6498.5,6204,6398.9,189.33K
2018/7/1,6398.5,6445.1,6284.7,6366.8,128.51K
2018/7/2,6349.1,6680,6275,6619.5,179.92K
2018/7/3,6618.6,6676.6,6513.5,6513.5,150.19K
2018/7/4,6513.8,6774.5,6442.3,6598.4,143.04K
2018/7/5,6598,6693.6,6466.1,6546.5,166.18K
2018/7/6,6546.5,6638.2,6458.3,6617.7,132.69K
2018/7/7,6617.7,6805.9,6531.1,6765.5,114.57K
2018/7/8,6765.4,6784,6694.3,6714.8,267.60K
2018/7/9,6715.1,6793.8,6637.7,6667.1,289.48K
2018/7/10,6668.4,6686.8,6291.5,6307.2,315.27K
2018/7/11,6307.2,6409.7,6296.6,6389.1,243.82K
2018/7/12,6389.1,6389.4,6088.8,6250.6,289.24K
2018/7/13,6250.8,6333.8,6144.5,6230.2,233.22K
2018/7/14,6229.5,6313.5,6192.5,6254.8,243.71K
2018/7/15,6254.8,6399.6,6238.5,6362.9,180.67K
2018/7/16,6362.8,6749.2,6344.1,6729.9,312.12K
2018/7/17,6729.8,7453.2,6666,7322,337.75K
2018/7/18,7321.6,7581.2,7249.3,7383.6,333.32K
2018/7/19,7383.9,7558.4,7288.8,7477.5,247.25K
2018/7/20,7477.6,7683.6,7292,7339.4,258.85K
2018/7/21,7339.3,7460.8,7223.5,7408.7,160.77K
2018/7/22,7409,7575.3,7343.7,7412.3,204.16K
2018/7/23,7412.4,7809.6,7379.2,7723,272.15K
2018/7/24,7723.1,8479.8,7701.9,8407,345.32K
2018/7/25,8404.9,8484.6,8062.1,8173.7,269.23K
2018/7/26,8173.9,8304.3,7861,7937,235.45K
2018/7/27,7936.9,8273.8,7808.3,8187.4,243.22K
2018/7/28,8186.8,8234.1,8077.4,8234.1,147.14K
2018/7/29,8231.5,8275.4,8113.3,8215.6,155.24K
2018/7/30,8214.7,8262,7874.4,8177.1,242.21K
2018/7/31,8176.4,8176.5,7649.8,7729.4,266.94K
2018/8/1,7728.5,7753.2,7449.2,7606.4,237.69K
2018/8/2,7606.4,7701.4,7470.6,7535.6,216.34K
2018/8/3,7535.6,7535.6,7293.5,7419,226.46K
2018/8/4,7418.9,7484.2,6949.7,7014.3,222.57K
2018/8/5,7014,7087.6,6887.9,7027.1,177.64K
2018/8/6,7027.8,7143.6,6852.5,6943.6,168.87K
2018/8/7,6943.6,7149.7,6689.9,6724.9,232.48K
2018/8/8,6725.2,6725.2,6138.8,6283.6,311.54K
2018/8/9,6283.7,6620.2,6197,6538.8,237.66K
2018/8/10,6539.5,6570.2,6043.4,6152.3,298.82K
2018/8/11,6152.8,6469.6,6009.8,6231.6,247.34K
2018/8/12,6232.1,6453,6169.8,6313,216.33K
2018/8/13,6313,6524.1,6159.6,6255.3,234.09K
2018/8/14,6255.3,6255.3,5898.3,6190.2,3.66M
2018/8/15,6190.2,6592.8,6177.9,6256.9,3.74M
2018/8/16,6256.9,6470.9,6249.8,6306.7,3.50M
2018/8/17,6306.7,6581.7,6291.8,6581.7,3.20M
2018/8/18,6581.8,6626.4,6295.5,6379.1,3.15M
2018/8/19,6379.1,6534.8,6316,6481.5,2.71M
2018/8/20,6474.2,6516.4,6255.9,6268.1,3.10M
2018/8/21,6268.1,6484.1,6257.4,6482.2,1.46M
2018/8/22,6482.2,6840.8,6304.8,6359.6,3.63M
2018/8/23,6359.9,6550.2,6359.2,6521.2,2.76M
2018/8/24,6521.2,6721.2,6472.8,6680.4,3.70M
2018/8/25,6680.6,6783.4,6655.3,6734.8,3.59M
2018/8/26,6734.9,6892.7,6573.1,6712.7,3.37M
2018/8/27,6712.7,6902.9,6650.4,6897.6,3.26M
2018/8/28,6897.6,7129.7,6861.2,7074.6,3.79M
2018/8/29,7074.6,7121.4,6926.7,7029.1,4.11M
2018/8/30,7029.2,7050.2,6798,6993.7,3.74M
2018/8/31,6993.7,7080.2,6698,7033.8,4.21M
2018/9/1,7032.4,7264.3,7020.4,7189.6,3.52M
2018/9/2,7189.6,7334.8,7117.3,7293.9,3.90M
2018/9/3,7289.8,7330.7,7182.8,7264.2,3.87M
2018/9/4,7264.2,7409.9,7234.5,7377.5,3.92M
2018/9/5,7377.5,7407.5,6691.8,6706.8,4.55M
2018/9/6,6706.8,6732.9,6337.8,6514,4.02M
2018/9/7,6514.1,6540.6,6316.2,6390.9,3.30M
2018/9/8,6390.9,6484.3,6132.3,6184.3,3.46M
2018/9/9,6184.3,6432.6,6148.8,6238.5,2.84M
2018/9/10,6238.5,6358.5,6237.3,6321,3.11M
2018/9/11,6320.7,6391.8,6189.6,6293.9,3.30M
2018/9/12,6293.9,6353.5,6204.5,6338,3.04M
2018/9/13,6338,6867.3,6337.8,6482.9,3.53M
2018/9/14,6482.9,6579.4,6412.1,6483.7,3.20M
2018/9/15,6482.6,6562.9,6470.3,6519,3.16M
2018/9/16,6519,6520.8,6406.2,6500.2,3.34M
2018/9/17,6500.2,6533.5,6215.9,6251.9,3.26M
2018/9/18,6251.9,6388.8,6228.8,6342,2.82M
2018/9/19,6342,6478.7,6144.5,6390.4,3.54M
2018/9/20,6390.4,6537.5,6346.4,6489.2,5.18M
2018/9/21,6490.9,6780.5,6489.8,6766.7,7.73M
2018/9/22,6766.7,6833.3,6635.5,6729.6,7.31M
2018/9/23,6729.6,6789.4,6666.4,6704.1,7.34M
2018/9/24,6713.3,6728.1,6559.1,6584.1,7.57M
2018/9/25,6590.6,6590.6,5977,6445.1,7.34M
2018/9/26,6443,6551.9,6384.1,6468.1,8.64M
2018/9/27,6463.7,6738.3,6428.8,6689.2,9.34M
2018/9/28,6685.7,6809.2,6538.6,6636,9.57M
2018/9/29,6633.9,6648.4,6464.4,6603.9,9.42M
2018/9/30,6603.9,6673.9,6533.5,6635.2,9.34M
2018/10/1,6635.2,6674.7,6072.7,6608.2,9.19M
2018/10/2,6608.2,6645.7,6034.9,6549.9,9.34M
2018/10/3,6549.9,6563.5,6429.6,6507.8,9.21M
2018/10/4,6509.2,6653,6487.8,6584.2,9.31M
2018/10/5,6584.2,6682.3,6537.6,6639.1,9.34M
2018/10/6,6639.1,6661.5,6550.4,6596.3,9.18M
2018/10/7,6596.3,6633.9,6523.8,6611,77.06K
2018/10/8,6611,6699.5,6589.9,6669.6,119.68K
2018/10/9,6669.6,6678.9,6613.3,6650.8,80.79K
2018/10/10,6650.6,6653.5,6526,6618,101.93K
2018/10/11,6618,6622.5,6206.2,6239.1,245.28K
2018/10/12,6239.2,6344.8,6206.8,6291.3,147.40K
2018/10/13,6291.3,6329.3,6282.8,6321.7,94.45K
2018/10/14,6321.6,6390.9,6300,6326.8,99.38K
2018/10/15,6326.8,7358.4,6300.2,6699.8,443.33K
2018/10/16,6712.4,6836.7,6645.4,6705.3,155.85K
2018/10/17,6718.9,6745.9,6637.8,6686.6,136.71K
2018/10/18,6690.1,6736.3,6530.6,6574.1,134.15K
2018/10/19,6576.4,6603.2,6506.9,6512,121.44K
2018/10/20,6511.7,6593.7,6495.9,6572.2,97.77K
2018/10/21,6575.9,6643.1,6568,6583,92.94K
2018/10/22,6583,6612.7,6529.5,6555.8,101.57K
2018/10/23,6558.6,6573.6,6500.5,6528.7,108.86K
2018/10/24,6531.2,6593.8,6522.6,6530.7,98.74K
2018/10/25,6532.5,6544.8,6491.5,6507,97.43K
2018/10/26,6507,6570.5,6498.5,6510,97.17K
2018/10/27,6510,6534,6473.7,6494.2,76.72K
2018/10/28,6494.6,6502.2,6461.2,6486.1,93.97K
2018/10/29,6486.1,6498.4,6310.5,6335,160.52K
2018/10/30,6336.7,6469.9,6316.5,6325.7,128.21K
2018/10/31,6327.9,6405.7,6257.8,6365.9,129.06K
2018/11/1,6365.9,6421.8,6354.2,6400.5,124.16K
2018/11/2,6400.5,6444.3,6390.9,6424.7,135.87K
2018/11/3,6424.5,6429.5,6346.2,6386.2,112.84K
2018/11/4,6386.2,6508.9,6359.7,6478.2,128.76K
2018/11/5,6478.2,6489.2,6431.7,6459.7,128.51K
2018/11/6,6460.4,6509.6,6441.6,6502.8,154.87K
2018/11/7,6503.1,6594.3,6502,6565.3,170.76K
2018/11/8,6565.3,6577.3,6466.3,6474,159.30K
2018/11/9,6473.8,6496.1,6390,6412,151.60K
2018/11/10,6411.9,6461.7,6411.7,6427.1,115.87K
2018/11/11,6427.1,6451.7,6359,6446.1,127.40K
2018/11/12,6445,6475.9,6409.4,6435,130.16K
2018/11/13,6435,6466.8,6386.7,6429.2,137.60K
2018/11/14,6428.9,6453.3,5619.2,5842.4,438.21K
2018/11/15,5854,5878.5,5384.1,5718.9,375.86K
2018/11/16,5723.5,5747.7,5539.7,5636.2,224.12K
2018/11/17,5636.2,5645.5,5561.4,5621.8,156.51K
2018/11/18,5621,5727.9,5615.5,5658.3,158.68K
2018/11/19,5660.4,5662.5,4831.1,4883.8,478.26K
2018/11/20,4883.6,5013.4,4272.3,4524.6,714.08K
2018/11/21,4523,4743.7,4393,4638.7,412.74K
2018/11/22,4646.4,4695.7,4346.7,4356,261.85K
2018/11/23,4360.9,4455.6,4223.7,4398,348.99K
2018/11/24,4397.3,4494.6,3821.5,3920.4,382.72K
2018/11/25,3920.3,4198.4,3634.2,4062.2,619.95K
2018/11/26,4061,4179,3679.8,3837,571.04K
2018/11/27,3840.3,3920.6,3687.8,3866.5,457.27K
2018/11/28,3866.4,4391.8,3866.4,4265.4,533.04K
2018/11/29,4265.5,4440.1,4140.6,4296.5,414.46K
2018/11/30,4296.8,4340.6,3954.5,4039.7,444.52K
2018/12/1,4038.7,4299.1,3967.1,4196.2,316.30K
2018/12/2,4196.2,4316.1,4105.3,4160.4,298.63K
2018/12/3,4160.3,4177,3839.9,3897.8,355.10K
2018/12/4,3899.9,4082.9,3809.3,3958.5,326.71K
2018/12/5,3958.1,3974.1,3765.2,3771.6,341.60K
2018/12/6,3771.4,3887.2,3505.7,3508.6,467.54K
2018/12/7,3508.9,3626.6,3251.8,3422.2,639.33K
2018/12/8,3422.3,3507.7,3302.9,3430.4,424.40K
2018/12/9,3430.3,3677.6,3424.2,3567.5,327.93K
2018/12/10,3566.9,3622.4,3412.7,3460.5,394.49K
2018/12/11,3460.4,3485.9,3349.9,3407.7,418.53K
2018/12/12,3390.2,3510.2,3379.4,3466.1,391.17K
2018/12/13,3466.2,3474.4,3284.8,3315.3,435.89K
2018/12/14,3315.4,3336.6,3199.1,3247.8,445.56K
2018/12/15,3247.8,3282.3,3177,3228.7,332.95K
2018/12/16,3228.6,3305,3225.9,3247.9,335.69K
2018/12/17,3248.3,3597.4,3243.1,3526.1,534.78K
2018/12/18,3526,3683.1,3456.9,3668,698.53K
2018/12/19,3668.1,3924.7,3647.5,3687.1,792.40K
2018/12/20,3687.2,4140.3,3665.8,4076,958.58K
2018/12/21,4075.2,4153.1,3786.9,3850.9,748.76K
2018/12/22,3850.9,3977.2,3803.7,3964.4,554.59K
2018/12/23,3964.3,4037.1,3904.6,3944.4,572.21K
2018/12/24,3944.5,4208.2,3941.9,4026.1,716.29K
2018/12/25,4025.6,4030.7,3676.5,3762.5,670.94K
2018/12/26,3762.8,3841.9,3680.3,3793.7,567.11K
2018/12/27,3793.4,3822.6,3560.8,3586.9,543.44K
2018/12/28,3587.1,3900.3,3565.5,3861.6,565.24K
2018/12/29,3861.6,3899.6,3696,3706.8,505.41K
2018/12/30,3708.2,3837.7,3682.5,3815,519.17K
2018/12/31,3815.1,3819.6,3658.8,3709.4,545.83K
2019/1/1,3709.5,3814.3,3664.4,3809.4,469.11K
2019/1/2,3809.7,3894.8,3768.1,3873.8,554.47K
2019/1/3,3874.1,3875.8,3753,3780.1,450.32K
2019/1/4,3780.5,3823.9,3720,3802.7,488.70K
2019/1/5,3802.8,3846.7,3769,3785.4,468.45K
2019/1/6,3785.7,4034.1,3758.5,4004.1,529.89K
2019/1/7,4004.3,4028,3945.5,3985.9,500.88K
2019/1/8,3985.8,4070.5,3943.1,3971,514.08K
2019/1/9,3971,4014.2,3957.5,3978,473.42K
2019/1/10,3978.9,4007.7,3562.1,3603.7,697.31K
2019/1/11,3603.3,3655.7,3563.1,3616.5,551.64K
2019/1/12,3616.6,3633.9,3561.3,3597.2,435.06K
2019/1/13,3597.3,3617.6,3473.2,3490.2,452.79K
2019/1/14,3490.4,3672,3490.4,3638.1,539.93K
2019/1/15,3637.5,3660.8,3545.7,3571.3,544.85K
2019/1/16,3570.6,3644.1,3561.4,3588,487.34K
2019/1/17,3588.1,3636.7,3554.8,3626.4,525.10K
2019/1/18,3626.3,3627.9,3575.7,3605.6,488.16K
2019/1/19,3605.8,3715.2,3604.1,3677.8,537.06K
2019/1/20,3676.2,3699.1,3503.9,3542.3,563.31K
2019/1/21,3542.7,3561.4,3505.4,3536.7,394.17K
2019/1/22,3536.9,3607.9,3465.2,3580.1,447.70K
2019/1/23,3580.1,3608.3,3532.8,3561.5,445.87K
2019/1/24,3561.4,3587,3539.7,3574.3,428.60K
2019/1/25,3574.3,3582.6,3542.2,3572,448.89K
2019/1/26,3572,3652.5,3556.1,3570.9,432.55K
2019/1/27,3570.9,3583.2,3509.2,3555.6,464.02K
2019/1/28,3555.8,3561.2,3395.7,3442.8,620.85K
2019/1/29,3442.8,3450.1,3368.2,3414.8,585.46K
2019/1/30,3414.6,3479,3394.2,3460,600.25K
2019/1/31,3460,3484.7,3427,3437.2,477.07K
2019/2/1,3437.7,3485.7,3415.3,3467.9,481.58K
2019/2/2,3467.9,3514.5,3447.8,3502.5,443.60K
2019/2/3,3502.3,3507.8,3431.3,3459.1,451.66K
2019/2/4,3459,3479.7,3437.1,3462.8,503.92K
2019/2/5,3463,3485.9,3450.3,3468.4,460.95K
2019/2/6,3468.5,3478,3383.9,3404.3,514.21K
2019/2/7,3404.9,3421.8,3390.3,3397.7,471.36K
2019/2/8,3397.3,3721.1,3382.5,3661.7,699.23K
2019/2/9,3661.6,3675.3,3633.2,3661.4,454.80K
2019/2/10,3661,3680.6,3617.1,3679,501.90K
2019/2/11,3678.8,3681.1,3623.8,3631.8,517.28K
2019/2/12,3631.8,3656.4,3594.4,3632,545.82K
2019/2/13,3632,3663.5,3599.2,3611.5,558.02K
2019/2/14,3611.5,3624.5,3580.2,3592.6,498.14K
2019/2/15,3592.6,3648.3,3581.4,3604.7,516.21K
2019/2/16,3604.7,3641.9,3599.7,3616.8,485.63K
2019/2/17,3616.8,3689.9,3607.9,3664.2,580.51K
2019/2/18,3664.2,3903.7,3655.1,3896,933.15K
2019/2/19,3896.4,3993.8,3863.7,3914.3,1.44M
2019/2/20,3914.3,3983.6,3881.2,3972.4,698.01K
2019/2/21,3972,4011.5,3909.2,3936.6,668.16K
2019/2/22,3937.4,3983.1,3931.7,3965.2,649.55K
2019/2/23,3965.2,4152.6,3939.4,4120.4,727.85K
2019/2/24,4120.5,4194.2,3738.7,3755.2,977.78K
2019/2/25,3755.7,3870.7,3753.8,3833.7,765.87K
2019/2/26,3833.5,3845.5,3775,3810.3,2.09M
2019/2/27,3810.3,3836.4,3701.9,3814.6,2.82M
2019/2/28,3814.6,3883.7,3783.3,3816.6,2.31M
2019/3/1,3816.7,3855.8,3816.4,3821.9,1.74M
2019/3/2,3821.9,3843.2,3783.6,3823.1,1.61M
2019/3/3,3823.2,3836.6,3789.7,3809.5,1.51M
2019/3/4,3809.7,3828.4,3681.8,3715.9,2.85M
2019/3/5,3715.9,3873.2,3705.7,3857.2,3.82M
2019/3/6,3857.2,3887.3,3816.7,3863,2.52M
2019/3/7,3863.1,3907.4,3847.9,3875.1,2.60M
2019/3/8,3875.1,3929,3810.7,3865.9,2.96M
2019/3/9,3865.6,3964,3859.7,3944.3,2.48M
2019/3/10,3944.4,3944.5,3889.2,3915.2,1.89M
2019/3/11,3915.2,3935.5,3842.4,3870.3,3.19M
2019/3/12,3870.3,3900.1,3817.1,3886,2.90M
2019/3/13,3885.9,3894.7,3847.4,3865.1,2.28M
2019/3/14,3865.1,3914.7,3828.4,3879,2.86M
2019/3/15,3879,3935.7,3874.8,3924.3,3.11M
2019/3/16,3924.4,4050.6,3923.7,4006.4,3.46M
2019/3/17,4006.4,4009.8,3956.3,3981.5,1.87M
2019/3/18,3981.5,4032.3,3958.5,3990.2,2.62M
2019/3/19,3990.2,4029.9,3972.4,4017,2.99M
2019/3/20,4017,4050,3985.3,4041.2,3.18M
2019/3/21,4041.2,4064,3923.8,3982.2,3.88M
2019/3/22,3982.2,4005.7,3971.8,3990.4,2.83M
2019/3/23,3990.4,4018.2,3980.8,4002.5,2.00M
2019/3/24,4002.6,4005.7,3967,3994.7,2.04M
2019/3/25,3994.8,4000.5,3897.9,3937,2.86M
2019/3/26,3937.1,3950.7,3899.9,3942.8,2.53M
2019/3/27,3942.8,4043.3,3936.2,4041.7,2.78M
2019/3/28,4041.7,4041.7,4008.4,4025.6,2.11M
2019/3/29,4025.7,4123.1,4022.6,4102.2,3.30M
2019/3/30,4103.7,4138.1,4057.1,4111.8,2.55M
2019/3/31,4111.8,4121.9,4082.2,4102.3,2.43M
2019/4/1,4102.3,4159.1,4076.8,4145.1,3.22M
2019/4/2,4145.1,4899.6,4143.5,4859.3,14.77M
2019/4/3,4859.3,5278.4,4814,4968.7,13.83M
2019/4/4,4968.7,5042.5,4789.2,4902.4,1.05M
2019/4/5,4902.5,5029.4,4888.3,5010.2,851.72K
2019/4/6,5010,5198.4,4947.9,5046.2,952.18K
2019/4/7,5046.1,5219.5,5033.7,5173.6,841.27K
2019/4/8,5173.5,5300.6,5060.5,5245.2,928.23K
2019/4/9,5245,5245.9,5095.2,5158.4,784.62K
2019/4/10,5158.4,5404.1,5142.9,5307.8,837.51K
2019/4/11,5307.7,5337,4948,5022.6,943.49K
2019/4/12,5022.7,5080.5,4889.2,5054.2,779.14K
2019/4/13,5054.2,5093.4,5011.6,5051.8,577.16K
2019/4/14,5052,5153.5,5010.7,5134.8,566.38K
2019/4/15,5135.1,5168,4964.2,5032.3,688.20K
2019/4/16,5031.4,5198.4,5014.4,5180.9,631.05K
2019/4/17,5182.1,5230.9,5165.5,5208.3,806.52K
2019/4/18,5208.3,5293.1,5205,5264.7,727.97K
2019/4/19,5264.8,5282.4,5192.1,5241,787.09K
2019/4/20,5241,5327,5240.2,5290.2,782.32K
2019/4/21,5290.2,5308.2,5189.8,5243.5,811.41K
2019/4/22,5248.2,5370.2,5170.2,5346.7,920.77K
2019/4/23,5346.5,5594.4,5291.4,5511.6,900.00K
2019/4/24,5511.2,5589.6,5346.8,5415.6,994.04K
2019/4/25,5415.6,5528.2,5137.4,5209.1,955.36K
2019/4/26,5209.2,5469.3,5159.3,5298.3,1.03M
2019/4/27,5298.2,5318.1,5225.4,5265.9,833.13K
2019/4/28,5265.7,5332.5,5234.4,5302.3,681.41K
2019/4/29,5302.4,5322.9,5188.9,5235,775.82K
2019/4/30,5235.4,5336.6,5195.9,5320.8,697.42K
2019/5/1,5321.1,5396.3,5319.5,5384.2,623.64K
2019/5/2,5384.6,5530.8,5370,5493.8,722.23K
2019/5/3,5493.6,5844.2,5478.7,5766.8,1.04M
2019/5/4,5768,5899.2,5605,5830.9,920.61K
2019/5/5,5830.8,5838.2,5708.2,5774.9,709.02K
2019/5/6,5775.1,5801.4,5630.5,5745.1,755.39K
2019/5/7,5745.5,6019.8,5745.5,5849.5,955.88K
2019/5/8,5849.4,6011.3,5799.1,5990.3,757.13K
2019/5/9,5990.5,6206,5990,6191.5,799.96K
2019/5/10,6194.3,6466.6,6157.8,6386,907.94K
2019/5/11,6386.6,7373.8,6386.5,7190.3,1.31M
2019/5/12,7190,7518.9,6802.6,6984.8,1.35M
2019/5/13,6984.7,8058.3,6893.1,7806,1.20M
2019/5/14,7806.4,8323.9,7674,7994.6,1.33M
2019/5/15,7994.8,8225.3,7856.5,8164.6,1.13M
2019/5/16,8164.8,8293.3,7720.4,7871.8,1.18M
2019/5/17,7871.9,7924,6998.6,7359.5,1.43M
2019/5/18,7359.9,7458.5,7189.4,7262.6,865.53K
2019/5/19,7261.9,8253.4,7252.3,8157.2,1.08M
2019/5/20,8156.4,8156.4,7604,7965.3,958.81K
2019/5/21,7965,8056.8,7813.2,7930.3,804.88K
2019/5/22,7928.7,7999,7545.9,7635.7,821.40K
2019/5/23,7637.2,7939.1,7486.8,7852.1,815.14K
2019/5/24,7852.8,8124.1,7775.4,7970.1,868.47K
2019/5/25,7971.4,8090.1,7919.1,8027.4,691.27K
2019/5/26,8029.6,8718.6,7866.5,8630.2,872.12K
2019/5/27,8628.9,8902.8,8607.3,8760.1,907.96K
2019/5/28,8759.4,8794.1,8568.8,8716.3,763.20K
2019/5/29,8715.6,8747.2,8435.3,8647.8,15.43M
2019/5/30,8647.8,9045.9,8054.7,8271.9,1.04M
2019/5/31,8271.4,8578.8,8135,8558.3,858.41K
2019/6/1,8556.9,8615.8,8454,8545.7,686.75K
2019/6/2,8545.8,8807.7,8534.8,8728.6,614.54K
2019/6/3,8728.6,8734.9,8102.7,8124.8,739.45K
2019/6/4,8118.1,8118.1,7494,7685.5,966.95K
2019/6/5,7685.6,7885,7590.4,7779.1,762.94K
2019/6/6,7779.6,7861.4,7480.4,7784.9,651.82K
2019/6/7,7785.8,8099.4,7749.4,7985.2,588.87K
2019/6/8,7985.3,8044.4,7770.5,7901.4,485.81K
2019/6/9,7901.6,7937.5,7516.9,7635,554.48K
2019/6/10,7635,8012.8,7523.6,7987.8,641.38K
2019/6/11,7987.8,8010.4,7714.5,7888,579.00K
2019/6/12,7888,8198.1,7805.8,8133.1,607.89K
2019/6/13,8132.4,8306.1,8028.6,8219,574.21K
2019/6/14,8218.6,8685.3,8153.2,8656.1,643.17K
2019/6/15,8655.8,8856.7,8582.3,8812.5,608.69K
2019/6/16,8812.2,9332,8771.1,8962.5,849.77K
2019/6/17,8961,9438.1,8959.8,9318.8,738.80K
2019/6/18,9318.9,9336.1,8962.7,9080.6,723.17K
2019/6/19,9080.7,9295.1,9044,9255.4,587.57K
2019/6/20,9255,9583.9,9188.4,9517,693.62K
2019/6/21,9517.7,10184.3,9517.4,10179.3,769.12K
2019/6/22,10178.1,11160.5,10031.3,10721.7,1.09M
2019/6/23,10721.5,11361.3,10557.8,10897.1,683.79K
2019/6/24,10897.3,11114.4,10622.6,11046.4,566.96K
2019/6/25,11046.6,11833.9,11033.7,11809.9,781.09K
2019/6/26,11811.6,13929.8,11747.3,13063.8,1.48M
2019/6/27,13062.4,13422,10493.5,11287.8,1.59M
2019/6/28,11288.4,12461.8,10970.5,12409.1,1.09M
2019/6/29,12408,12422.9,11490.8,11906.5,834.62K
2019/6/30,11906,12179.3,10765.4,10818.6,880.77K
2019/7/1,10821.4,11254.5,10041.6,10616.6,1.04M
2019/7/2,10615.5,10923.5,9728.5,10835.9,1.12M
2019/7/3,10835.9,11931.8,10835.9,11900.8,998.73K
2019/7/4,11899.3,11948,11087.1,11163.1,840.34K
2019/7/5,11159.7,11381.8,10810.3,10970.2,772.67K
2019/7/6,10969.8,11650.2,10967.9,11268,688.96K
2019/7/7,11267.9,11524.6,11108.1,11415.9,601.93K
2019/7/8,11415.8,12332.3,11304.8,12252.6,695.60K
2019/7/9,12250.6,12772.9,12111.2,12541.5,847.84K
2019/7/10,12542.8,13134.4,11594.9,12110.6,1.11M
2019/7/11,12111.6,12111.6,11029,11342.3,943.13K
2019/7/12,11343.7,11881.4,11109.8,11762.1,738.17K
2019/7/13,11762.8,11798.4,10839.4,11364.9,747.71K
2019/7/14,11364.3,11448.7,10128.9,10200.1,840.76K
2019/7/15,10199.9,11064.7,9885.4,10845.9,956.52K
2019/7/16,10844,11019.5,9375.3,9424.8,1.05M
2019/7/17,9425.1,9983.6,9082.6,9723.2,1.03M
2019/7/18,9723.1,10787.1,9390,10651.4,974.49K
2019/7/19,10651.6,10758.4,10160.7,10571.5,727.79K
2019/7/20,10571.9,11155.6,10462,10826.7,668.94K
2019/7/21,10827,10883.8,10442.5,10714.4,562.17K
2019/7/22,10715.1,10806.3,10196.5,10412.5,591.27K
2019/7/23,10412.8,10414.7,9865.4,9888.7,663.38K
2019/7/24,9887.2,9945.3,9584,9804.3,639.54K
2019/7/25,9804.7,10203.5,9776.6,9945.3,545.85K
2019/7/26,9945.2,10436.1,9724.2,9831,493.75K
2019/7/27,9830.4,10232.3,9389.1,9492.1,661.89K
2019/7/28,9491.1,9798.5,9401.1,9727.8,518.59K
2019/7/29,9728.5,9835.4,9502.5,9580.9,510.90K
2019/7/30,9580,9703,9483,9580.7,511.51K
2019/7/31,9580.3,10100,9562.4,10082,589.84K
2019/8/1,10081.9,10459,9890.6,10380,608.37K
2019/8/2,10380.5,10664.8,10330.5,10520.1,578.29K
2019/8/3,10519.9,10893.6,10504.5,10815.7,508.75K
2019/8/4,10816.1,11017.7,10568.8,10934.6,585.71K
2019/8/5,10934.8,11922.3,10934.8,11816.8,769.63K
2019/8/6,11817.6,12291.9,11237,11480.9,807.58K
2019/8/7,11481,12114.5,11406.4,12013.9,702.85K
2019/8/8,12015.9,12236.6,11727,12191.6,592.15K
2019/8/9,12190,12225.3,11885,12089.8,558.72K
2019/8/10,12090.5,12185,11281.6,11314.5,570.74K
2019/8/11,11314.6,11728.4,11146.1,11517.2,435.83K
2019/8/12,11505.1,11508.6,11267.3,11394.2,391.08K
2019/8/13,11395,11445.6,10793.2,10892.9,540.78K
2019/8/14,10894.2,10894.5,9965.5,10049.4,745.59K
2019/8/15,10053.3,10448.2,9580.1,10303.4,930.05K
2019/8/16,10300.9,10734,9788.6,10335.6,798.67K
2019/8/17,10335.5,10460.7,10016.3,10218.1,497.77K
2019/8/18,10219.3,10494.9,10086.7,10312.7,441.11K
2019/8/19,10312.8,10923.9,10267.8,10910.7,519.01K
2019/8/20,10911.2,10941.6,10581,10752.6,515.47K
2019/8/21,10753.3,10797.8,9908,10141.5,717.65K
2019/8/22,10141.1,10218.2,9777,10105,520.75K
2019/8/23,10104.9,10434.3,9921.4,10388.7,436.26K
2019/8/24,10389.4,10415.9,9917.5,10131,463.85K
2019/8/25,10132.1,10307,9935.2,10136.3,422.53K
2019/8/26,10136,10568.2,10136,10371.8,568.77K
2019/8/27,10372.2,10387.6,10060.2,10184.8,419.81K
2019/8/28,10184.7,10271.3,9629.6,9729.4,580.29K
2019/8/29,9729.1,9729.1,9343,9491,509.13K
2019/8/30,9494.1,9675.7,9370.2,9585.4,413.92K
2019/8/31,9585.5,9677.5,9457.3,9594.4,311.49K
2019/9/1,9594.7,9799.5,9533.6,9729.3,322.66K
2019/9/2,9728.8,10431.5,9720.3,10348.8,542.79K
2019/9/3,10348.1,10756.8,10283.5,10612.3,578.79K
2019/9/4,10611.6,10783.6,10388.6,10568.2,504.45K
2019/9/5,10567.8,10630.7,10469.9,10566.9,402.09K
2019/9/6,10566.7,10896.2,10227.4,10309.3,643.02K
2019/9/7,10306.9,10556.4,10302.3,10461.1,393.57K
2019/9/8,10461.6,10578,10266.3,10402.8,339.73K
2019/9/9,10402.1,10478,10095.7,10309,473.76K
2019/9/10,10308.7,10379.8,9970.7,10105.4,383.22K
2019/9/11,10104.9,10257.5,9908.9,10162.5,413.06K
2019/9/12,10162.4,10447.9,10051,10415.1,413.22K
2019/9/13,10415.2,10441.4,10174.1,10342.1,365.52K
2019/9/14,10342.2,10421.4,10253.7,10337.3,326.44K
2019/9/15,10337.3,10360.4,10272,10311.5,255.79K
2019/9/16,10311.3,10360.5,10108.5,10255.5,372.53K
2019/9/17,10254.6,10273.6,10153.5,10195.7,321.64K
2019/9/18,10195.7,10257.5,10119.3,10164.7,318.82K
2019/9/19,10164.6,10297.6,9707.6,10250.5,542.25K
2019/9/20,10251.5,10279.5,10088.6,10172.7,362.07K
2019/9/21,10172.8,10177.9,9939.8,9993,326.17K
2019/9/22,9993,10075,9870.9,10031.6,337.06K
2019/9/23,10031.3,10048.8,9656.3,9702.2,431.10K
2019/9/24,9702.7,9793.8,8069.4,8513.9,933.16K
2019/9/25,8512.3,8729.8,8245.1,8432.4,696.11K
2019/9/26,8432.5,8463.1,7773.6,8063.8,731.03K
2019/9/27,8063.8,8257.4,7882.1,8184.9,561.40K
2019/9/28,8184.5,8297.2,8031.1,8208.5,457.79K
2019/9/29,8208,8226.8,7922.1,8049.1,418.48K
2019/9/30,8048.9,8318.5,7749,8284.3,600.26K
2019/10/1,8285,8486.2,8187.9,8302.7,533.95K
2019/10/2,8302.7,8374,8167.7,8364.1,405.86K
2019/10/3,8363.6,8391.7,8090.1,8226.9,460.97K
2019/10/4,8227.6,8233.6,8041.4,8148.1,416.92K
2019/10/5,8148,8185.1,8030.6,8127.3,360.92K
2019/10/6,8127.3,8145.5,7834.9,7881.9,448.80K
2019/10/7,7882.6,8293.5,7797,8198.6,604.74K
2019/10/8,8198.5,8323.1,8118.1,8182.9,469.04K
2019/10/9,8180.1,8655.9,8122.7,8566.7,636.43K
2019/10/10,8566.8,8638.5,8438.7,8562.3,511.46K
2019/10/11,8562.2,8751.1,8249.7,8267.8,667.86K
2019/10/12,8267.6,8394.8,8260.9,8304.4,424.02K
2019/10/13,8304.3,8450.2,8190.6,8281.5,419.87K
2019/10/14,8281.3,8374.3,8222.2,8353.3,505.02K
2019/10/15,8353.4,8400.2,8139.5,8167.2,469.73K
2019/10/16,8167.1,8185.9,7929.8,8000.4,538.92K
2019/10/17,8000.4,8118.2,7944.4,8073.3,444.95K
2019/10/18,8073.3,8116.4,7842,7948.5,505.79K
2019/10/19,7948.3,8060.2,7892.4,7957.3,428.83K
2019/10/20,7957.4,8288.5,7889.6,8223.4,513.91K
2019/10/21,8224.1,8315.3,8155.7,8208.2,489.40K
2019/10/22,8207.4,8289.1,8017.7,8031.4,570.39K
2019/10/23,8031,8055,7329.2,7477,892.08K
2019/10/24,7476.8,7501.5,7366.3,7422.7,586.49K
2019/10/25,7422.8,8697.7,7404.9,8658.3,1.18M
2019/10/26,8658.4,10540,8061.8,9230.6,1.78M
2019/10/27,9230.6,9773.2,9081,9529.6,1.16M
2019/10/28,9530.1,9866.9,9202.5,9207.2,1.04M
2019/10/29,9206.5,9531.3,9125.3,9411.3,918.48K
2019/10/30,9411.3,9411.3,9018.4,9157.9,789.73K
2019/10/31,9157.9,9378.9,8959.6,9152.6,798.93K
2019/11/1,9153.1,9270.4,9057.2,9230.1,689.65K
2019/11/2,9230.3,9356.7,9201.2,9300.6,570.74K
2019/11/3,9300.5,9359.1,9095,9198.3,536.56K
2019/11/4,9198.7,9500.4,9134.1,9396.4,681.01K
2019/11/5,9396.1,9452.7,9193.9,9310.8,653.42K
2019/11/6,9311.2,9424.6,9262.7,9338.9,578.03K
2019/11/7,9339.2,9367,9130,9223.5,603.54K
2019/11/8,9223.6,9254.8,8722.4,8778.2,791.79K
2019/11/9,8778.1,8877.5,8746.9,8804.5,512.02K
2019/11/10,8804.7,9092.9,8763.5,9036.8,581.57K
2019/11/11,9036.9,9066.4,8649.4,8736.9,601.16K
2019/11/12,8737.4,8841.2,8615.7,8812.6,575.16K
2019/11/13,8813.2,8829.7,8721.1,8783.1,454.33K
2019/11/14,8782.9,8799.8,8615.8,8661.2,515.43K
2019/11/15,8660.8,8761.8,8437.1,8476.3,653.71K
2019/11/16,8476.2,8532.8,8450.7,8497.3,471.16K
2019/11/17,8497.4,8631.7,8413,8509.8,531.22K
2019/11/18,8510.3,8516.3,8110.4,8208.4,692.60K
2019/11/19,8207.7,8245.6,8032.8,8145.7,654.27K
2019/11/20,8145.7,8223,8074.2,8099.3,607.27K
2019/11/21,8099.4,8129.6,7519.7,7627.9,891.50K
2019/11/22,7627.9,7700.9,6818.5,7272.5,1.41M
2019/11/23,7271.6,7342.5,7093.7,7324.1,783.18K
2019/11/24,7325,7344.1,6894.9,6924.7,904.50K
2019/11/25,6924.7,7352.8,6534.8,7115.6,1.29M
2019/11/26,7115.5,7329.5,7045.1,7162.8,844.27K
2019/11/27,7162.8,7636.9,6875.4,7510.6,996.49K
2019/11/28,7510.6,7639.5,7380.6,7426.7,737.58K
2019/11/29,7426.6,7825.3,7412.3,7742.7,766.71K
2019/11/30,7742.7,7787.7,7472.7,7546.6,650.60K
2019/12/1,7546.5,7546.5,7244.4,7396.4,777.00K
2019/12/2,7395.9,7433.8,7173.6,7298.2,687.78K
2019/12/3,7298.1,7389.4,7227.1,7291.8,548.77K
2019/12/4,7291.9,7702.2,7113.6,7204.4,971.75K
2019/12/5,7204.6,7476.3,7184,7399.2,780.78K
2019/12/6,7399.2,7552.1,7329.8,7530.8,706.10K
2019/12/7,7530.4,7595.7,7489.6,7510.9,557.14K
2019/12/8,7510.8,7576.4,7416.7,7524.4,499.04K
2019/12/9,7524.8,7626,7321.6,7355.8,648.66K
2019/12/10,7356.2,7400.3,7192.1,7235.7,609.50K
2019/12/11,7235.8,7284.4,7168.8,7208,518.40K
2019/12/12,7208,7272.4,7124.6,7208,611.80K
2019/12/13,7208.4,7288,7200.3,7255.2,503.49K
2019/12/14,7255.2,7267.4,7043.3,7080.8,524.56K
2019/12/15,7080.8,7175.8,7033.8,7128.5,492.58K
2019/12/16,7128.5,7153.1,6864.6,6903.5,689.56K
2019/12/17,6903.5,6943.5,6575,6613.3,894.55K
2019/12/18,6613.5,7387.7,6462.2,7276,1.14M
2019/12/19,7276.4,7354,7039.3,7165.5,778.72K
2019/12/20,7165.5,7218.4,7107.7,7196.4,627.04K
2019/12/21,7196.4,7197.6,7129.6,7156.2,468.74K
2019/12/22,7156.3,7501.1,7142,7495.8,677.94K
2019/12/23,7496.2,7684,7276.2,7322.8,952.16K
2019/12/24,7322.4,7433.2,7185.7,7268.3,785.54K
2019/12/25,7268.3,7542.4,7150.9,7224.8,625.41K
2019/12/26,7225,7414.3,7177.3,7210.9,795.09K
2019/12/27,7210.8,7293.8,7128.5,7261.7,718.07K
2019/12/28,7261.9,7375.9,7256.5,7321.5,610.96K
2019/12/29,7321.6,7518.9,7303,7397.5,611.69K
2019/12/30,7397.5,7420.9,7244.1,7261.8,606.11K
