Date,Close,Open,High,Low,Volume
2015/1/30,0.3,0.311,0.35,0.303,1.33K
2015/1/31,0.29,0.303,0.303,0.29,0.48K
2015/2/1,0.29,0.29,0.29,0.29,-
2015/2/2,0.3,0.29,0.303,0.287,0.35K
2015/2/3,0.33,0.303,0.36,0.302,1.47K
2015/2/4,0.29,0.331,0.331,0.275,2.12K
2015/2/5,0.28,0.292,0.368,0.273,2.43K
2015/2/6,0.28,0.275,0.277,0.274,0.69K
2015/2/7,0.28,0.275,0.275,0.275,-
2015/2/8,0.28,0.275,0.275,0.275,-
2015/2/9,0.28,0.275,0.275,0.275,-
2015/2/10,0.28,0.275,0.275,0.275,-
2015/2/11,0.28,0.275,0.275,0.275,-
2015/2/12,0.28,0.275,0.275,0.275,-
2015/2/13,0.28,0.275,0.275,0.275,-
2015/2/14,0.28,0.275,0.275,0.275,-
2015/2/15,0.28,0.275,0.275,0.275,-
2015/2/16,0.28,0.275,0.275,0.275,-
2015/2/17,0.1,0.52,0.52,0.01,0.07K
2015/2/18,0.1,0.099,0.099,0.099,-
2015/2/19,0.26,0.099,0.35,0.089,0.99K
2015/2/20,0.25,0.26,0.26,0.25,0.64K
2015/2/21,0.25,0.25,0.25,0.25,-
2015/2/22,0.3,0.25,0.32,0.25,0.23K
2015/2/23,0.35,0.295,0.35,0.295,0.88K
2015/2/24,0.25,0.35,0.38,0.25,0.06K
2015/2/25,0.25,0.25,0.25,0.25,-
2015/2/26,0.25,0.25,0.38,0.25,-
2015/2/27,0.25,0.25,0.25,0.25,-
2015/2/28,0.35,0.25,0.55,0.25,0.23K
2015/3/1,0.35,0.35,0.35,0.35,-
2015/3/2,0.54,0.35,0.54,0.35,0.01K
2015/3/3,0.5,0.54,0.54,0.35,-
2015/3/4,0.5,0.497,0.497,0.497,-
2015/3/5,0.26,0.497,0.497,0.26,-
2015/3/6,0.5,0.26,0.497,0.26,0.01K
2015/3/7,0.5,0.497,0.497,0.497,-
2015/3/8,0.5,0.497,0.497,0.26,-
2015/3/9,0.25,0.497,0.54,0.25,0.05K
2015/3/10,0.54,0.25,0.54,0.25,-
2015/3/11,0.26,0.54,0.84,0.261,0.13K
2015/3/12,0.26,0.261,0.261,0.261,-
2015/3/13,0.8,0.261,0.81,0.261,0.02K
2015/3/14,0.8,0.8,0.8,0.6,0.13K
2015/3/15,0.8,0.8,0.8,0.6,-
2015/3/16,0.4,0.8,0.8,0.4,0.08K
2015/3/17,0.4,0.4,0.4,0.4,-
2015/3/18,0.4,0.4,0.4,0.4,-
2015/3/19,0.4,0.4,0.4,0.4,-
2015/3/20,0.4,0.4,0.4,0.4,-
2015/3/21,1,0.4,1,0.4,-
2015/3/22,0.26,1,1,0.261,0.02K
2015/3/23,0.26,0.261,0.261,0.261,-
2015/3/24,0.28,0.261,0.878,0.261,-
2015/3/25,0.88,0.278,0.878,0.278,0.01K
2015/3/26,0.28,0.878,0.878,0.278,-
2015/3/27,0.28,0.278,0.878,0.278,-
2015/3/28,0.88,0.278,0.878,0.278,-
2015/3/29,0.28,0.878,0.878,0.278,-
2015/3/30,0.85,0.278,0.878,0.278,0.02K
2015/3/31,0.31,0.85,3,0.31,-
2015/4/1,0.33,0.31,0.33,0.31,-
2015/4/2,0.33,0.33,0.33,0.33,-
2015/4/3,0.33,0.33,0.33,0.33,-
2015/4/4,0.4,0.33,0.4,0.33,-
2015/4/5,0.34,0.4,1,0.33,0.17K
2015/4/6,0.34,0.34,0.34,0.34,-
2015/4/7,0.34,0.34,0.34,0.34,-
2015/4/8,0.34,0.34,0.34,0.34,-
2015/4/9,1,0.35,1,0.35,-
2015/4/10,0.8,1,1,0.35,0.12K
2015/4/11,0.78,0.8,0.95,0.78,0.08K
2015/4/12,0.92,0.78,0.94,0.78,-
2015/4/13,0.75,0.92,0.92,0.75,0.54K
2015/4/14,0.5,0.75,0.75,0.5,0.33K
2015/4/15,0.65,0.5,0.65,0.34,0.04K
2015/4/16,0.72,0.65,0.72,0.65,-
2015/4/17,0.72,0.72,0.72,0.65,0.08K
2015/4/18,0.34,0.72,0.72,0.34,-
2015/4/19,0.34,0.34,0.34,0.34,-
2015/4/20,0.34,0.34,0.34,0.34,-
2015/4/21,0.34,0.34,0.72,0.34,-
2015/4/22,0.7,0.34,0.75,0.34,0.05K
2015/4/23,0.72,0.7,0.75,0.34,0.07K
2015/4/24,0.34,0.719,0.719,0.34,0.01K
2015/4/25,0.34,0.34,0.34,0.34,-
2015/4/26,0.34,0.34,0.34,0.34,-
2015/4/27,0.59,0.34,0.59,0.34,0.01K
2015/4/28,0.59,0.59,0.59,0.59,-
2015/4/29,0.34,0.59,0.59,0.34,-
2015/4/30,0.34,0.34,0.34,0.34,-
2015/5/1,0.34,0.34,0.59,0.34,0.22K
2015/5/2,0.34,0.34,0.579,0.34,0.01K
2015/5/3,0.34,0.34,0.579,0.34,-
2015/5/4,0.34,0.34,0.34,0.34,0.01K
2015/5/5,0.34,0.34,0.579,0.34,0.07K
2015/5/6,0.34,0.34,0.579,0.34,0.01K
2015/5/7,0.34,0.34,0.579,0.34,-
2015/5/8,0.52,0.34,0.579,0.34,0.03K
2015/5/9,0.52,0.521,0.521,0.521,0.01K
2015/5/10,0.45,0.521,0.521,0.45,-
2015/5/11,0.4,0.45,0.45,0.36,-
2015/5/12,0.57,0.4,0.573,0.4,-
2015/5/13,0.57,0.573,0.573,0.573,-
2015/5/14,0.41,0.573,0.579,0.4,0.05K
2015/5/15,0.5,0.41,0.58,0.41,0.16K
2015/5/16,0.64,0.498,0.637,0.498,0.01K
2015/5/17,0.57,0.637,0.637,0.56,0.07K
2015/5/18,0.5,0.567,0.65,0.498,-
2015/5/19,0.51,0.498,0.51,0.498,0.05K
2015/5/20,0.31,0.51,0.64,0.306,0.06K
2015/5/21,0.5,0.34,0.618,0.34,0.28K
2015/5/22,0.28,0.5,0.513,0.278,-
2015/5/23,0.35,0.28,0.513,0.28,0.02K
2015/5/24,0.5,0.35,0.5,0.28,0.05K
2015/5/25,0.5,0.5,0.5,0.278,0.11K
2015/5/26,0.4,0.5,0.5,0.4,0.36K
2015/5/27,0.4,0.4,0.4,0.4,-
2015/5/28,0.4,0.4,0.4,0.4,-
2015/5/29,0.4,0.4,0.4,0.4,-
2015/5/30,0.49,0.4,0.49,0.4,-
2015/5/31,0.49,0.49,0.49,0.489,-
2015/6/1,0.4,0.489,0.489,0.4,0.05K
2015/6/2,0.4,0.4,0.489,0.4,0.04K
2015/6/3,0.49,0.4,0.49,0.4,0.23K
2015/6/4,0.4,0.49,0.49,0.4,-
2015/6/5,0.5,0.4,0.5,0.4,0.06K
2015/6/6,0.43,0.5,0.512,0.43,0.14K
2015/6/7,0.57,0.43,0.57,0.43,2.92K
2015/6/8,0.57,0.57,0.57,0.57,-
2015/6/9,0.47,0.57,0.57,0.47,0.34K
2015/6/10,0.45,0.47,0.47,0.45,-
2015/6/11,0.64,0.45,0.639,0.4,0.04K
2015/6/12,0.35,0.639,0.639,0.3,0.13K
2015/6/13,0.44,0.35,0.64,0.35,0.31K
2015/6/14,0.3,0.44,0.64,0.3,0.08K
2015/6/15,0.39,0.3,0.39,0.3,0.02K
2015/6/16,0.39,0.39,0.39,0.39,-
2015/6/17,0.53,0.39,0.53,0.39,-
2015/6/18,0.39,0.53,0.53,0.39,-
2015/6/19,0.39,0.39,0.53,0.39,7.73K
2015/6/20,0.45,0.39,0.583,0.39,0.01K
2015/6/21,0.58,0.45,0.583,0.45,0.02K
2015/6/22,0.45,0.583,0.583,0.45,0.10K
2015/6/23,0.45,0.45,0.583,0.45,-
2015/6/24,0.5,0.45,0.56,0.39,28.51K
2015/6/25,0.5,0.5,0.5,0.5,0.04K
2015/6/26,0.5,0.5,0.5,0.5,-
2015/6/27,0.53,0.5,0.525,0.45,-
2015/6/28,0.45,0.525,0.525,0.45,0.01K
2015/6/29,0.45,0.45,0.45,0.45,-
2015/6/30,0.44,0.45,0.45,0.44,-
2015/7/1,0.45,0.44,0.45,0.44,-
2015/7/2,0.45,0.45,0.45,0.45,-
2015/7/3,0.45,0.45,0.45,0.45,-
2015/7/4,0.52,0.45,0.518,0.45,-
2015/7/5,0.45,0.518,0.53,0.45,1.13K
2015/7/6,0.45,0.45,0.53,0.45,0.67K
2015/7/7,0.5,0.45,0.503,0.45,0.06K
2015/7/8,0.45,0.503,0.52,0.45,0.10K
2015/7/9,0.45,0.45,0.52,0.45,3.22K
2015/7/10,0.45,0.45,0.539,0.45,0.20K
2015/7/11,0.54,0.45,0.539,0.45,0.21K
2015/7/12,0.63,0.539,0.63,0.51,1.02K
2015/7/13,0.63,0.63,0.63,0.63,-
2015/7/14,0.52,0.63,0.63,0.52,-
2015/7/15,0.52,0.52,0.52,0.52,-
2015/7/16,0.46,0.52,0.52,0.46,0.12K
2015/7/17,0.46,0.46,0.6,0.46,-
2015/7/18,0.46,0.46,0.6,0.46,-
2015/7/19,0.59,0.46,0.59,0.46,0.01K
2015/7/20,0.59,0.59,0.59,0.59,-
2015/7/21,0.46,0.59,0.59,0.46,-
2015/7/22,0.46,0.46,0.598,0.46,0.01K
2015/7/23,0.6,0.46,0.598,0.46,0.02K
2015/7/24,0.6,0.598,0.598,0.598,-
2015/7/25,0.46,0.598,0.598,0.461,-
2015/7/26,0.46,0.461,0.461,0.461,-
2015/7/27,0.46,0.461,0.461,0.461,-
2015/7/28,0.63,0.461,0.63,0.461,0.06K
2015/7/29,0.55,0.63,0.63,0.55,-
2015/7/30,0.63,0.55,0.63,0.461,0.01K
2015/7/31,0.46,0.63,0.63,0.461,-
2015/8/1,0.63,0.461,0.63,0.461,2.56K
2015/8/2,0.63,0.63,0.63,0.461,0.73K
2015/8/3,0.46,0.63,0.63,0.461,0.02K
2015/8/4,0.46,0.461,0.629,0.461,-
2015/8/5,0.46,0.461,0.461,0.461,-
2015/8/6,0.64,0.461,0.64,0.461,0.90K
2015/8/7,0.75,0.64,0.75,0.64,-
2015/8/8,0.75,0.75,0.75,0.473,-
2015/8/9,0.75,0.75,0.75,0.6,0.06K
2015/8/10,0.5,0.75,0.75,0.497,-
2015/8/11,0.5,0.497,0.74,0.497,-
2015/8/12,0.5,0.497,0.497,0.497,-
2015/8/13,0.5,0.497,0.497,0.497,-
2015/8/14,0.7,0.497,0.697,0.497,-
2015/8/15,0.5,0.697,0.697,0.497,-
2015/8/16,0.74,0.497,0.739,0.497,0.01K
2015/8/17,0.5,0.497,0.497,0.497,0.01K
2015/8/18,0.5,0.497,0.74,0.497,0.01K
2015/8/19,0.52,0.497,0.68,0.39,0.62K
2015/8/20,0.41,0.516,0.65,0.397,0.01K
2015/8/21,0.45,0.406,0.52,0.406,0.08K
2015/8/22,0.64,0.45,0.643,0.421,0.04K
2015/8/23,0.48,0.643,0.643,0.421,0.18K
2015/8/24,0.62,0.477,0.615,0.421,0.11K
2015/8/25,0.42,0.615,0.615,0.418,0.60K
2015/8/26,0.42,0.423,0.58,0.42,0.08K
2015/8/27,0.42,0.42,0.57,0.42,0.02K
2015/8/28,0.42,0.421,0.49,0.421,-
2015/8/29,0.49,0.421,0.49,0.421,0.15K
2015/8/30,0.45,0.49,0.49,0.45,0.31K
2015/8/31,0.49,0.45,0.49,0.45,-
2015/9/1,0.49,0.49,0.49,0.45,0.02K
2015/9/2,0.49,0.49,0.49,0.45,0.05K
2015/9/3,0.75,0.49,0.75,0.45,0.46K
2015/9/4,0.45,0.75,0.75,0.45,-
2015/9/5,0.46,0.45,0.75,0.45,0.24K
2015/9/6,0.5,0.457,0.5,0.457,0.09K
2015/9/7,0.5,0.5,0.5,0.5,0.24K
2015/9/8,0.46,0.5,0.7,0.458,-
2015/9/9,0.7,0.458,0.7,0.458,-
2015/9/10,0.46,0.7,0.7,0.458,-
2015/9/11,0.46,0.458,0.463,0.458,0.01K
2015/9/12,0.45,0.463,0.7,0.454,0.33K
2015/9/13,0.44,0.454,0.461,0.44,0.13K
2015/9/14,0.48,0.44,0.56,0.44,0.19K
2015/9/15,0.51,0.477,0.573,0.477,0.07K
2015/9/16,0.52,0.509,0.516,0.44,0.18K
2015/9/17,0.55,0.516,0.55,0.473,0.08K
2015/9/18,0.55,0.55,0.55,0.494,0.01K
2015/9/19,0.51,0.546,0.546,0.504,0.05K
2015/9/20,0.5,0.508,0.546,0.499,-
2015/9/21,0.5,0.504,0.504,0.47,-
2015/9/22,0.5,0.501,0.501,0.47,0.11K
2015/9/23,0.46,0.501,0.501,0.463,0.06K
2015/9/24,0.47,0.463,0.472,0.436,0.05K
2015/9/25,0.45,0.465,0.469,0.444,0.15K
2015/9/26,0.47,0.453,0.469,0.438,0.08K
2015/9/27,0.45,0.469,0.469,0.445,0.01K
2015/9/28,0.44,0.445,0.469,0.435,0.15K
2015/9/29,0.43,0.435,0.439,0.43,-
2015/9/30,0.39,0.43,0.43,0.3,0.89K
2015/10/1,0.46,0.39,0.464,0.346,0.36K
2015/10/2,0.38,0.464,0.464,0.379,0.01K
2015/10/3,0.47,0.381,0.469,0.381,0.02K
2015/10/4,0.4,0.469,0.469,0.394,-
2015/10/5,0.39,0.396,0.467,0.389,0.02K
2015/10/6,0.39,0.389,0.392,0.389,-
2015/10/7,0.4,0.392,0.465,0.392,0.01K
2015/10/8,0.38,0.397,0.411,0.379,0.10K
2015/10/9,0.38,0.379,0.413,0.379,0.02K
2015/10/10,0.38,0.379,0.412,0.379,-
2015/10/11,0.39,0.38,0.387,0.379,0.10K
2015/10/12,0.41,0.385,0.412,0.379,0.14K
2015/10/13,0.38,0.412,0.417,0.379,0.06K
2015/10/14,0.37,0.379,0.455,0.37,0.37K
2015/10/15,0.38,0.37,0.397,0.37,0.11K
2015/10/16,0.41,0.376,0.413,0.376,0.20K
2015/10/17,0.47,0.413,0.467,0.392,-
2015/10/18,0.41,0.467,0.467,0.4,0.19K
2015/10/19,0.39,0.41,0.46,0.392,0.06K
2015/10/20,0.37,0.392,0.46,0.37,0.18K
2015/10/21,0.38,0.37,0.375,0.37,0.01K
2015/10/22,0.37,0.375,0.44,0.37,0.01K
2015/10/23,0.37,0.37,0.44,0.37,0.08K
2015/10/24,0.39,0.37,0.44,0.37,0.88K
2015/10/25,0.38,0.393,0.413,0.377,0.04K
2015/10/26,0.38,0.38,0.448,0.38,0.05K
2015/10/27,0.38,0.38,0.38,0.378,-
2015/10/28,0.38,0.378,0.42,0.377,0.35K
2015/10/29,0.5,0.377,0.5,0.375,0.23K
2015/10/30,0.44,0.5,0.5,0.441,0.09K
2015/10/31,0.38,0.441,0.441,0.38,0.01K
2015/11/1,0.36,0.38,0.45,0.36,0.01K
2015/11/2,0.45,0.36,0.45,0.3,0.09K
2015/11/3,0.39,0.45,0.771,0.326,28.58K
2015/11/4,0.44,0.394,0.554,0.394,5.09K
2015/11/5,0.43,0.436,0.496,0.422,0.63K
2015/11/6,0.46,0.427,0.464,0.403,0.24K
2015/11/7,0.46,0.464,0.464,0.423,0.01K
2015/11/8,0.55,0.464,0.554,0.464,0.20K
2015/11/9,0.47,0.554,0.554,0.46,0.07K
2015/11/10,0.45,0.47,0.47,0.45,0.17K
2015/11/11,0.42,0.452,0.472,0.423,6.00K
2015/11/12,0.44,0.423,0.462,0.423,0.27K
2015/11/13,0.47,0.442,0.465,0.405,0.28K
2015/11/14,0.43,0.465,0.465,0.429,0.15K
2015/11/15,0.41,0.429,0.452,0.409,0.11K
2015/11/16,0.44,0.409,0.452,0.409,0.10K
2015/11/17,0.41,0.442,0.442,0.409,-
2015/11/18,0.41,0.409,0.409,0.409,-
2015/11/19,0.4,0.409,0.409,0.403,1.15K
2015/11/20,0.45,0.403,0.448,0.39,0.01K
2015/11/21,0.45,0.448,0.448,0.37,0.17K
2015/11/22,0.36,0.448,0.448,0.358,0.01K
2015/11/23,0.45,0.358,0.448,0.358,0.11K
2015/11/24,0.42,0.448,0.448,0.42,-
2015/11/25,0.38,0.42,0.42,0.358,0.17K
2015/11/26,0.41,0.379,0.41,0.379,2.84K
2015/11/27,0.38,0.41,0.418,0.379,0.28K
2015/11/28,0.4,0.379,0.4,0.373,0.10K
2015/11/29,0.39,0.395,0.406,0.392,0.03K
2015/11/30,0.37,0.392,0.42,0.366,0.12K
2015/12/1,0.37,0.366,0.411,0.365,0.13K
2015/12/2,0.37,0.365,0.38,0.365,0.06K
2015/12/3,0.37,0.369,0.369,0.367,-
2015/12/4,0.37,0.367,0.37,0.363,0.36K
2015/12/5,0.43,0.37,0.433,0.361,12.93K
2015/12/6,0.43,0.43,0.46,0.4,5.70K
2015/12/7,0.42,0.43,0.527,0.415,0.05K
2015/12/8,0.43,0.415,0.426,0.395,0.34K
2015/12/9,0.43,0.426,0.455,0.426,0.46K
2015/12/10,0.4,0.43,0.455,0.399,0.38K
2015/12/11,0.45,0.399,0.456,0.399,0.22K
2015/12/12,0.42,0.45,0.468,0.422,0.98K
2015/12/13,0.42,0.422,0.458,0.422,1.02K
2015/12/14,0.44,0.422,0.554,0.422,6.02K
2015/12/15,0.51,0.44,0.525,0.44,0.19K
2015/12/16,0.51,0.505,0.554,0.505,0.08K
2015/12/17,0.44,0.505,0.505,0.44,0.19K
2015/12/18,0.49,0.44,0.531,0.44,0.13K
2015/12/19,0.46,0.49,0.49,0.46,-
2015/12/20,0.45,0.46,0.53,0.45,15.08K
2015/12/21,0.45,0.45,0.45,0.45,-
2015/12/22,0.45,0.45,0.519,0.45,0.07K
2015/12/23,0.45,0.45,0.45,0.45,-
2015/12/24,0.46,0.45,0.46,0.45,0.07K
2015/12/25,0.46,0.46,0.518,0.46,0.01K
2015/12/26,0.45,0.46,0.46,0.45,4.83K
2015/12/27,0.43,0.45,0.45,0.43,0.33K
2015/12/28,0.44,0.43,0.44,0.43,0.01K
2015/12/29,0.44,0.44,0.44,0.44,-
2015/12/30,0.43,0.44,0.51,0.43,-
2015/12/31,0.49,0.43,0.5,0.421,0.10K
2016/1/1,0.54,0.49,0.543,0.43,1.96K
2016/1/2,0.46,0.543,0.59,0.439,0.59K
2016/1/3,0.49,0.46,0.488,0.46,0.02K
2016/1/4,0.47,0.488,0.549,0.47,-
2016/1/5,0.47,0.47,0.549,0.47,2.61K
2016/1/6,0.47,0.47,0.549,0.47,0.94K
2016/1/7,0.47,0.47,0.47,0.47,-
2016/1/8,0.55,0.47,0.545,0.47,-
2016/1/9,0.47,0.545,0.545,0.47,-
2016/1/10,0.47,0.47,0.512,0.47,0.01K
2016/1/11,0.47,0.471,0.471,0.471,-
2016/1/12,0.47,0.471,0.471,0.471,1.46K
2016/1/13,0.46,0.471,0.471,0.461,0.51K
2016/1/14,0.45,0.461,0.491,0.451,0.04K
2016/1/15,0.43,0.451,0.459,0.431,1.03K
2016/1/16,0.49,0.431,0.489,0.374,2.65K
2016/1/17,0.4,0.489,0.5,0.4,0.02K
2016/1/18,0.5,0.4,0.5,0.4,0.09K
2016/1/19,0.54,0.5,0.54,0.41,0.99K
2016/1/20,0.56,0.54,0.559,0.456,0.02K
2016/1/21,0.5,0.559,0.6,0.5,0.08K
2016/1/22,0.49,0.5,0.57,0.492,0.78K
2016/1/23,0.68,0.492,0.68,0.492,3.72K
2016/1/24,0.59,0.68,0.68,0.586,2.46K
2016/1/25,0.63,0.586,0.68,0.54,0.10K
2016/1/26,0.59,0.634,0.651,0.55,1.43K
2016/1/27,0.63,0.594,0.66,0.527,0.04K
2016/1/28,0.53,0.63,0.63,0.525,0.05K
2016/1/29,0.55,0.525,0.557,0.468,1.84K
2016/1/30,0.47,0.55,0.55,0.468,0.01K
2016/1/31,0.52,0.469,0.524,0.469,0.01K
2016/2/1,0.55,0.524,0.576,0.47,39.12K
2016/2/2,0.49,0.55,0.565,0.49,-
2016/2/3,0.48,0.49,0.49,0.472,0.09K
2016/2/4,0.5,0.481,0.535,0.479,0.35K
2016/2/5,0.5,0.495,0.535,0.47,3.26K
2016/2/6,0.47,0.497,0.526,0.471,0.70K
2016/2/7,0.47,0.471,0.502,0.471,0.05K
2016/2/8,0.48,0.471,0.493,0.471,0.35K
2016/2/9,0.46,0.482,0.482,0.461,0.30K
2016/2/10,0.48,0.461,0.477,0.457,0.05K
2016/2/11,0.55,0.475,0.588,0.423,3.49K
2016/2/12,0.63,0.55,0.63,0.41,9.14K
2016/2/13,0.78,0.63,0.909,0.333,18.08K
2016/2/14,0.83,0.784,0.855,0.66,5.69K
2016/2/15,0.75,0.833,1.4,0.721,4.08K
2016/2/16,1.05,0.754,1.05,0.754,1.90K
2016/2/17,0.73,1.05,1.05,0.698,11.39K
2016/2/18,0.77,0.733,0.813,0.698,1.78K
2016/2/19,0.84,0.765,0.835,0.732,8.76K
2016/2/20,0.81,0.835,0.873,0.789,1.12K
2016/2/21,0.79,0.81,0.873,0.736,8.53K
2016/2/22,0.77,0.792,0.824,0.763,3.00K
2016/2/23,0.74,0.772,0.812,0.727,0.96K
2016/2/24,0.78,0.74,0.777,0.721,0.48K
2016/2/25,0.8,0.777,0.837,0.75,1.13K
2016/2/26,0.81,0.8,0.828,0.78,2.05K
2016/2/27,0.83,0.814,0.846,0.797,10.14K
2016/2/28,0.87,0.828,0.873,0.807,3.74K
2016/2/29,0.9,0.867,0.895,0.844,0.96K
2016/3/1,0.8,0.895,0.895,0.785,0.80K
2016/3/2,0.85,0.8,0.87,0.8,1.14K
2016/3/3,1.05,0.849,1.16,0.789,3.61K
2016/3/4,1.12,1.05,1.21,1.02,1.46K
2016/3/5,1.26,1.12,1.37,0.85,19.76K
2016/3/6,1.21,1.26,1.27,1.06,15.22K
2016/3/7,1,1.21,1.21,0.98,5.59K
2016/3/8,1.09,0.995,1.41,0.995,2.12K
2016/3/9,1.08,1.09,1.35,0.52,5.73K
2016/3/10,1.03,1.08,1.29,1.03,4.11K
2016/3/11,1.1,1.03,1.16,1.03,1.53K
2016/3/12,1.09,1.1,1.2,1.05,1.68K
2016/3/13,1.2,1.09,1.21,1.08,1.56K
2016/3/14,1.18,1.2,1.36,1.08,1.80K
2016/3/15,1.15,1.18,1.2,1.08,0.15K
2016/3/16,1.11,1.15,1.2,1.09,0.59K
2016/3/17,1.3,1.11,1.3,1.09,13.40K
2016/3/18,1.1,1.3,1.4,1,23.05K
2016/3/19,1.21,1.1,1.26,1.1,1.00K
2016/3/20,1.48,1.21,1.5,1.18,23.85K
2016/3/21,1.44,1.48,1.56,1.35,16.88K
2016/3/22,1.34,1.44,1.51,1.34,19.72K
2016/3/23,1.45,1.34,1.45,1.34,9.23K
2016/3/24,1.63,1.45,1.73,1.41,44.16K
2016/3/25,1.59,1.63,3.3,1.59,2.62K
2016/3/26,1.69,1.59,1.72,1.59,8.16K
2016/3/27,1.5,1.69,1.72,1.4,34.34K
2016/3/28,1.48,1.5,1.56,1.41,16.33K
2016/3/29,1.48,1.48,1.53,1.46,3.23K
2016/3/30,1.42,1.48,1.52,1.4,2.19K
2016/3/31,1.4,1.42,1.45,1.39,0.23K
2016/4/1,1.46,1.4,1.48,1.4,3.71K
2016/4/2,1.56,1.46,1.56,1.42,18.33K
2016/4/3,1.56,1.56,1.59,1.49,1.89K
2016/4/4,1.57,1.56,1.6,1.5,6.68K
2016/4/5,1.51,1.57,1.6,1.46,9.98K
2016/4/6,1.5,1.51,1.55,1.46,13.46K
2016/4/7,1.52,1.5,1.55,1.49,2.29K
2016/4/8,1.42,1.52,1.54,1.42,7.65K
2016/4/9,1.15,1.42,1.42,1.13,60.98K
2016/4/10,1.08,1.15,1.15,0.869,33.27K
2016/4/11,1.02,1.08,1.14,0.981,8.13K
2016/4/12,0.93,1.02,1.04,0.861,12.52K
2016/4/13,1.04,0.931,1.07,0.92,10.99K
2016/4/14,1.03,1.04,1.06,0.982,7.56K
2016/4/15,0.98,1.03,1.04,0.946,6.58K
2016/4/16,0.98,0.983,1,0.955,2.22K
2016/4/17,1.02,0.982,1.1,0.959,15.46K
2016/4/18,1.1,1.02,1.11,1.01,20.60K
2016/4/19,1.14,1.1,1.17,1.1,19.23K
2016/4/20,1.06,1.14,1.14,1.02,35.79K
2016/4/21,0.98,1.06,1.07,0.96,22.43K
2016/4/22,0.99,0.982,1.04,0.952,13.58K
2016/4/23,1.03,0.987,1.04,0.982,5.62K
2016/4/24,1.03,1.03,1.05,1,10.09K
2016/4/25,0.98,1.03,1.05,0.959,15.38K
2016/4/26,0.9,0.982,0.997,0.834,16.02K
2016/4/27,0.94,0.9,0.97,0.861,10.81K
2016/4/28,0.91,0.937,0.949,0.881,4.98K
2016/4/29,0.88,0.908,0.918,0.877,3.06K
2016/4/30,0.91,0.877,0.97,0.877,6.11K
2016/5/1,0.91,0.908,0.941,0.895,3.96K
2016/5/2,0.98,0.913,0.992,0.908,4.87K
2016/5/3,0.93,0.975,0.975,0.914,1.51K
2016/5/4,0.92,0.926,0.944,0.896,1.03K
2016/5/5,0.9,0.918,0.918,0.89,3.31K
2016/5/6,0.88,0.901,0.919,0.87,3.05K
2016/5/7,0.87,0.881,0.881,0.839,8.43K
2016/5/8,0.85,0.872,0.891,0.831,9.83K
2016/5/9,0.83,0.846,0.858,0.819,4.08K
2016/5/10,0.83,0.827,0.885,0.822,3.65K
2016/5/11,0.86,0.831,0.865,0.823,1.03K
2016/5/12,0.87,0.86,0.877,0.848,3.66K
2016/5/13,0.85,0.865,0.878,0.834,2.68K
2016/5/14,0.84,0.846,0.854,0.827,2.49K
2016/5/15,0.83,0.837,0.86,0.804,13.64K
2016/5/16,0.81,0.829,0.84,0.81,11.21K
2016/5/17,0.82,0.814,0.854,0.81,6.75K
2016/5/18,0.83,0.817,0.87,0.788,29.56K
2016/5/19,0.86,0.825,0.863,0.82,6.34K
2016/5/20,0.93,0.859,0.96,0.84,17.91K
2016/5/21,0.96,0.934,0.978,0.841,6.35K
2016/5/22,0.92,0.957,0.979,0.9,12.20K
2016/5/23,0.9,0.92,0.96,0.894,1.33K
2016/5/24,0.91,0.901,0.982,0.9,9.94K
2016/5/25,0.86,0.908,0.917,0.862,3.97K
2016/5/26,0.87,0.862,0.904,0.846,3.07K
2016/5/27,0.84,0.866,0.876,0.826,7.13K
2016/5/28,0.81,0.842,0.901,0.81,7.64K
2016/5/29,0.9,0.81,0.949,0.81,14.66K
2016/5/30,0.9,0.9,0.914,0.86,15.01K
2016/5/31,0.94,0.901,0.966,0.892,17.50K
2016/6/1,0.92,0.938,0.94,0.873,7.59K
2016/6/2,0.93,0.915,0.94,0.899,6.55K
2016/6/3,0.95,0.93,0.956,0.911,13.23K
2016/6/4,0.98,0.952,0.989,0.937,15.43K
2016/6/5,1.01,0.977,1.01,0.965,9.29K
2016/6/6,1.01,1.01,1.05,0.986,2.87K
2016/6/7,0.97,1.01,1.01,0.956,15.06K
2016/6/8,1,0.966,1.01,0.966,4.58K
2016/6/9,1.15,1,1.23,0.987,8.39K
2016/6/10,1.14,1.15,1.19,1.08,11.28K
2016/6/11,1.17,1.14,1.17,1.14,0.74K
2016/6/12,1.25,1.17,1.25,1.11,15.65K
2016/6/13,1.27,1.25,1.36,1.18,9.05K
2016/6/14,1.34,1.27,1.38,1.1,30.25K
2016/6/15,1.45,1.34,1.51,1.31,6.55K
2016/6/16,1.45,1.45,1.62,1.42,44.30K
2016/6/17,1.76,1.45,1.79,1.45,59.53K
2016/6/18,2.02,1.76,2.35,1.73,251.98K
2016/6/19,1.88,2.02,2.12,1.7,41.20K
2016/6/20,1.77,1.88,1.91,1.7,22.56K
2016/6/21,1.62,1.77,1.87,1.5,41.17K
2016/6/22,1.52,1.62,1.74,1.52,39.66K
2016/6/23,1.57,1.52,1.57,1.4,19.74K
2016/6/24,1.53,1.57,1.68,1.52,10.88K
2016/6/25,1.57,1.53,1.66,1.52,9.16K
2016/6/26,1.51,1.57,1.61,1.46,1.64K
2016/6/27,1.46,1.51,1.52,1.39,11.58K
2016/6/28,1.46,1.46,1.51,1.43,7.72K
2016/6/29,1.53,1.46,1.61,1.45,49.61K
2016/6/30,1.58,1.53,1.62,1.5,5.91K
2016/7/1,1.69,1.58,1.71,1.58,4.65K
2016/7/2,1.74,1.69,1.99,1.62,22.39K
2016/7/3,1.73,1.74,1.86,1.62,9.78K
2016/7/4,1.68,1.73,1.8,1.65,4.33K
2016/7/5,1.74,1.68,1.75,1.64,7.23K
2016/7/6,1.95,1.74,1.97,1.71,13.56K
2016/7/7,1.83,1.95,2.2,1.76,54.82K
2016/7/8,1.95,1.83,2.02,1.81,9.96K
2016/7/9,1.95,1.95,1.98,1.84,3.27K
2016/7/10,1.92,1.95,1.98,1.86,4.24K
2016/7/11,1.97,1.92,2.02,1.88,13.70K
2016/7/12,2.01,1.97,2.06,1.96,20.75K
2016/7/13,1.96,2.01,2.01,1.92,6.35K
2016/7/14,2.01,1.96,2.04,1.92,6.57K
2016/7/15,1.99,2.01,2.04,1.95,16.66K
2016/7/16,2.01,1.99,2.06,1.98,6.87K
2016/7/17,1.97,2.01,2.02,1.96,1.64K
2016/7/18,1.97,1.97,2.04,1.95,5.70K
2016/7/19,1.88,1.97,2,1.86,12.26K
2016/7/20,1.79,1.88,1.93,1.74,22.14K
2016/7/21,1.73,1.79,1.82,1.73,2.55K
2016/7/22,1.83,1.73,1.85,1.7,9.30K
2016/7/23,1.9,1.83,1.9,1.8,4.91K
2016/7/24,1.87,1.9,1.93,1.81,7.78K
2016/7/25,1.88,1.87,1.9,1.8,5.68K
2016/7/26,1.77,1.88,1.88,1.7,10.52K
2016/7/27,1.94,1.77,1.94,1.76,4.55K
2016/7/28,1.88,1.94,1.95,1.83,4.58K
2016/7/29,1.91,1.88,1.95,1.82,1.54K
2016/7/30,1.93,1.91,1.93,1.86,1.45K
2016/7/31,1.8,1.93,1.94,1.8,16.80K
2016/8/1,1.7,1.8,1.83,1.7,7.13K
2016/8/2,1.36,1.7,1.76,1.28,54.76K
2016/8/3,1.58,1.36,1.66,1.36,61.06K
2016/8/4,1.87,1.58,1.93,1.58,18.29K
2016/8/5,1.8,1.87,1.9,1.74,2.51K
2016/8/6,1.86,1.8,1.94,1.73,11.94K
2016/8/7,1.92,1.86,2.03,1.82,13.01K
2016/8/8,1.91,1.92,2,1.83,6.22K
2016/8/9,2.09,1.91,2.1,1.9,11.48K
2016/8/10,2.02,2.09,2.13,1.99,15.43K
2016/8/11,1.94,2.02,2.07,1.9,3.14K
2016/8/12,1.95,1.94,2.06,1.9,11.91K
2016/8/13,1.97,1.95,2.06,1.91,7.71K
2016/8/14,1.97,1.97,2.5,1.87,159.59K
2016/8/15,2.17,1.97,2.5,1.97,220.62K
2016/8/16,2.24,2.17,2.25,1.96,7.45K
2016/8/17,2.27,2.24,2.27,2.01,8.53K
2016/8/18,2.21,2.27,2.28,2.13,14.84K
2016/8/19,2.27,2.21,2.32,2.15,3.82K
2016/8/20,2.47,2.27,2.57,2.23,20.35K
2016/8/21,2.51,2.47,2.62,2.39,4.66K
2016/8/22,4.47,2.51,6.86,2.5,279.86K
2016/8/23,4.79,4.47,5.42,3.75,261.64K
2016/8/24,4.48,4.79,5.05,4.33,56.67K
2016/8/25,4.15,4.48,4.56,3.7,77.55K
2016/8/26,4.15,4.15,4.66,4.01,191.66K
2016/8/27,4.81,4.15,5.1,4.12,103.44K
2016/8/28,9.13,4.81,9.8,4.81,308.03K
2016/8/29,8.79,9.13,10.8,7.95,251.42K
2016/8/30,8.4,8.79,9.5,7.83,98.22K
2016/8/31,8.48,8.4,8.9,7.3,88.15K
2016/9/1,7.91,8.48,8.85,7.77,47.76K
2016/9/2,9.86,7.91,10.8,7.77,163.06K
2016/9/3,11.18,9.86,15.25,9.83,362.22K
2016/9/4,13.84,11.18,14,10.07,116.28K
2016/9/5,13.9,13.84,14.34,12.5,159.22K
2016/9/6,12.67,13.9,14.52,12.05,90.07K
2016/9/7,11.93,12.67,12.99,11.21,175.10K
2016/9/8,12.9,11.93,13.11,11.6,57.01K
2016/9/9,12.59,12.9,13.82,12,50.40K
2016/9/10,12.46,12.59,12.83,12.05,19.04K
2016/9/11,10.97,12.46,12.59,10.58,61.82K
2016/9/12,10.3,10.97,11.15,9.95,82.37K
2016/9/13,10.7,10.3,11.62,9.8,87.46K
2016/9/14,10.4,10.7,11.09,10.4,37.24K
2016/9/15,9.71,10.4,10.64,9.48,56.07K
2016/9/16,8.92,9.71,9.88,8.78,18.69K
2016/9/17,9.6,8.92,9.9,8.85,7.53K
2016/9/18,9.47,9.6,9.9,9.3,3.02K
2016/9/19,10.53,9.47,10.75,9.07,38.45K
2016/9/20,11.29,10.53,11.7,10.3,45.99K
2016/9/21,9.79,11.29,11.29,9.79,40.77K
2016/9/22,10.2,9.79,10.52,9.79,25.87K
2016/9/23,10.79,10.2,11,10,133.19K
2016/9/24,10.71,10.79,11.02,10.6,3.76K
2016/9/25,10.2,10.71,10.71,10.2,2.65K
2016/9/26,9.35,10.2,10.34,8.5,58.15K
2016/9/27,9.28,9.35,9.63,9.19,8.24K
2016/9/28,9.37,9.28,9.57,9.19,16.12K
2016/9/29,8.51,9.37,9.59,8.3,29.98K
2016/9/30,8.52,8.51,8.75,7.99,33.66K
2016/10/1,7.44,8.52,8.52,7.15,32.02K
2016/10/2,8.39,7.44,8.5,7.19,22.47K
2016/10/3,7.89,8.39,8.75,7.77,28.50K
2016/10/4,7.6,7.89,8.13,7.55,10.70K
2016/10/5,6.62,7.6,7.68,6.1,61.05K
2016/10/6,7.2,6.62,7.84,6.37,55.81K
2016/10/7,6.77,7.2,7.8,6.7,18.97K
2016/10/8,6.93,6.77,7.28,6.7,5.25K
2016/10/9,7.44,6.93,7.55,6.88,8.28K
2016/10/10,6.97,7.44,7.6,6.75,21.59K
2016/10/11,7.34,6.97,7.83,6.6,24.92K
2016/10/12,7.21,7.34,7.66,7.21,11.31K
2016/10/13,7,7.21,7.34,6.8,10.71K
2016/10/14,6.94,7,7.18,6.85,4.62K
2016/10/15,6.47,6.94,6.94,6.4,9.91K
2016/10/16,6.52,6.47,6.67,6.16,13.68K
2016/10/17,6.26,6.52,6.52,5.74,18.23K
2016/10/18,6.63,6.26,6.85,6.01,8.62K
2016/10/19,6.73,6.63,7.15,6.48,17.50K
2016/10/20,6.47,6.73,7.22,6.47,20.07K
2016/10/21,6.9,6.47,6.98,6.46,6.16K
2016/10/22,6.46,6.9,6.9,6.27,5.64K
2016/10/23,6.53,6.46,6.69,6.46,1.53K
2016/10/24,6.48,6.53,6.6,6.37,2.91K
2016/10/25,6.15,6.48,6.48,5.7,8.02K
2016/10/26,6.01,6.15,6.19,5.81,16.91K
2016/10/27,6.17,6.01,6.4,5.93,10.45K
2016/10/28,5.7,6.17,6.32,5.62,29.87K
2016/10/29,4.84,5.7,5.96,4.2,101.14K
2016/10/30,5.55,4.84,5.71,4.84,93.75K
2016/10/31,5.12,5.55,5.67,4.81,52.51K
2016/11/1,4.69,5.12,5.22,4.53,33.08K
2016/11/2,4.53,4.69,5.02,4.53,19.03K
2016/11/3,4.97,4.53,5.26,4.43,36.71K
2016/11/4,4.88,4.97,5.1,4.73,29.06K
2016/11/5,5.05,4.88,5.05,4.83,4.35K
2016/11/6,5,5.05,5.08,4.84,4.11K
2016/11/7,5.75,5,5.92,4.93,95.55K
2016/11/8,6.66,5.75,6.82,5.63,70.87K
2016/11/9,5.87,6.66,6.66,5.55,64.13K
2016/11/10,6.13,5.87,6.48,5.87,18.28K
2016/11/11,6.95,6.13,7.02,5.9,124.40K
2016/11/12,7.58,6.95,7.68,6.58,41.27K
2016/11/13,7.1,7.58,8.1,7.1,57.10K
2016/11/14,7.68,7.1,8.17,7,29.88K
2016/11/15,7.41,7.68,7.99,7.14,19.06K
2016/11/16,6.83,7.41,7.49,6.06,50.14K
2016/11/17,6.82,6.83,6.95,6.2,7.03K
2016/11/18,6.7,6.82,7.08,6.48,8.85K
2016/11/19,6.63,6.7,6.9,6.5,5.63K
2016/11/20,6.64,6.63,6.9,6.45,16.85K
2016/11/21,6.77,6.64,6.87,6.56,4.12K
2016/11/22,7.45,6.77,8.15,6.75,45.35K
2016/11/23,7.96,7.45,8.05,7.4,13.93K
2016/11/24,7.72,7.96,8.32,7.5,30.30K
2016/11/25,7.53,7.72,7.86,7.3,14.19K
2016/11/26,7.52,7.53,7.79,7.39,8.53K
2016/11/27,8.05,7.52,8.05,7.52,7.24K
2016/11/28,7.87,8.05,8.05,7.76,8.17K
2016/11/29,7.67,7.87,7.96,7.38,5.49K
2016/11/30,9.1,7.67,9.38,7.2,55.00K
2016/12/1,8.6,9.1,9.1,8.11,16.92K
2016/12/2,8.06,8.6,8.66,7.87,30.76K
2016/12/3,8.16,8.06,8.46,8.06,14.99K
2016/12/4,7.94,8.16,8.39,7.89,14.31K
2016/12/5,7.87,7.94,8.07,7.63,12.18K
2016/12/6,7.4,7.87,7.91,7.1,23.40K
2016/12/7,7.91,7.4,7.91,7.29,9.82K
2016/12/8,7.87,7.91,8.07,7.65,5.12K
2016/12/9,7.91,7.87,8.03,7.74,3.80K
2016/12/10,7.75,7.91,8,7.65,4.75K
2016/12/11,7.86,7.75,8.09,7.64,4.70K
2016/12/12,8,7.86,8,7.76,7.20K
2016/12/13,8.06,8,8.2,7.9,2.88K
2016/12/14,8.44,8.06,8.57,8.06,9.42K
2016/12/15,8.49,8.44,8.52,8.27,6.15K
2016/12/16,8.5,8.49,8.5,8.28,2.44K
2016/12/17,8.31,8.5,8.5,8.22,7.67K
2016/12/18,8.69,8.31,8.9,8.26,15.20K
2016/12/19,8.54,8.69,8.75,8.4,8.65K
2016/12/20,8.48,8.54,8.75,8.38,3.62K
2016/12/21,8.42,8.48,8.6,8.15,9.38K
2016/12/22,8.85,8.42,9.4,8.25,21.91K
2016/12/23,9.45,8.85,9.74,8.8,50.07K
2016/12/24,9.6,9.45,9.67,9.45,6.37K
2016/12/25,9.71,9.6,11,7.25,99.88K
2016/12/26,10.24,9.71,10.5,9.7,28.39K
2016/12/27,12.47,10.24,13,10.2,90.09K
2016/12/28,14.05,12.47,14.6,12.15,97.31K
2016/12/29,13.13,14.05,14.31,12.22,92.60K
2016/12/30,12.87,13.13,13.22,12.08,19.73K
2016/12/31,13.79,12.87,14,12.76,32.80K
2017/1/1,13.57,13.79,14.31,13.4,21.99K
2017/1/2,16.12,13.57,16.5,13.57,90.06K
2017/1/3,15.72,16.12,16.93,14.8,82.02K
2017/1/4,18.32,15.72,18.45,15.44,105.66K
2017/1/5,15.92,18.32,18.47,14.39,222.67K
2017/1/6,13.78,15.92,16.69,13.4,122.33K
2017/1/7,13,13.78,14.13,12.2,116.08K
2017/1/8,13.5,13,14.03,12.79,49.90K
2017/1/9,13.6,13.5,13.66,12.59,50.22K
2017/1/10,13.5,13.6,14,13.35,29.56K
2017/1/11,11.73,13.5,13.63,11.01,155.27K
2017/1/12,12,11.73,12.31,11.1,56.59K
2017/1/13,11.2,12,12.04,11,52.04K
2017/1/14,11.08,11.2,11.7,10.95,41.16K
2017/1/15,10.68,11.08,11.15,9.74,96.12K
2017/1/16,10.51,10.68,11,10.25,66.99K
2017/1/17,12.33,10.51,12.47,10.51,86.92K
2017/1/18,12,12.33,12.76,11.5,91.72K
2017/1/19,12.15,12,12.35,11.65,37.85K
2017/1/20,11.88,12.15,12.2,11.75,32.09K
2017/1/21,12.09,11.88,12.24,11.83,40.51K
2017/1/22,12.1,12.09,12.26,11.79,26.15K
2017/1/23,12.2,12.1,12.22,12.01,14.77K
2017/1/24,11.68,12.2,12.21,11.64,35.07K
2017/1/25,11.81,11.68,11.82,11.33,49.48K
2017/1/26,11.91,11.81,12.14,11.6,23.92K
2017/1/27,12.15,11.91,12.15,11.58,24.89K
2017/1/28,12.94,12.15,13.15,12.01,75.49K
2017/1/29,12.63,12.94,13.23,12.42,15.33K
2017/1/30,12.73,12.63,12.87,12.53,10.68K
2017/1/31,13.02,12.73,13.23,12.65,18.76K
2017/2/1,13.17,13.02,13.22,12.8,41.48K
2017/2/2,13.13,13.17,13.4,13.04,25.25K
2017/2/3,12.56,13.13,13.17,12.02,76.55K
2017/2/4,12.48,12.56,13,12.28,90.06K
2017/2/5,12.6,12.48,12.82,12.48,13.83K
2017/2/6,12.64,12.6,12.71,12.4,20.98K
2017/2/7,12.5,12.64,13.05,12.46,42.06K
2017/2/8,12.69,12.5,12.8,12.35,34.85K
2017/2/9,12,12.69,12.81,11.48,81.86K
2017/2/10,12.06,12,12.18,11.75,29.20K
2017/2/11,12.27,12.06,12.33,12.06,21.67K
2017/2/12,12.29,12.27,12.34,12.13,16.83K
2017/2/13,12.26,12.29,12.34,12.15,29.99K
2017/2/14,13.01,12.26,13.3,12.15,41.50K
2017/2/15,13.75,13.01,13.8,12.91,104.60K
2017/2/16,13.19,13.75,13.8,12.91,47.48K
2017/2/17,13.45,13.19,13.46,13.16,26.27K
2017/2/18,13.46,13.45,13.67,13.2,15.52K
2017/2/19,13.11,13.46,13.48,13.07,9.12K
2017/2/20,12.28,13.11,13.11,11.48,243.83K
2017/2/21,12.52,12.28,12.54,12,65.34K
2017/2/22,12.85,12.52,12.94,12.21,55.70K
2017/2/23,12.78,12.85,13.02,12.67,21.52K
2017/2/24,12.78,12.78,12.78,12.78,-
2017/2/25,11.92,12.1,12.25,11.78,52.28K
2017/2/26,12,11.92,12.2,11.8,37.30K
2017/2/27,12,12,12.18,12,35.47K
2017/2/28,12.27,12,12.4,11.6,136.72K
2017/3/1,12.33,12.27,13,12.19,192.54K
2017/3/2,13.09,12.33,13.5,12.18,291.51K
2017/3/3,14.08,13.09,14.87,12.85,264.14K
2017/3/4,13.67,14.08,14.36,13.05,88.35K
2017/3/5,15.31,13.67,16,13.67,184.48K
2017/3/6,15.45,15.31,15.9,14.85,183.65K
2017/3/7,13.7,15.45,15.5,13.58,269.48K
2017/3/8,12.5,13.7,13.87,12.5,250.15K
2017/3/9,13.03,12.5,13.71,12.36,163.28K
2017/3/10,13.16,13.03,13.52,12.1,391.69K
2017/3/11,14.67,13.16,14.74,12.92,202.43K
2017/3/12,16.84,14.67,17.19,14.36,573.46K
2017/3/13,18.26,16.84,19.4,16.5,485.05K
2017/3/14,17.65,18.26,18.5,17.13,211.70K
2017/3/15,19.06,17.65,19.81,17.4,272.00K
2017/3/16,22.2,19.06,23,18.75,528.10K
2017/3/17,21.81,22.2,25.1,19.21,589.05K
2017/3/18,19.83,21.81,22.04,17.8,425.10K
2017/3/19,22.85,19.83,24.5,19.83,464.17K
2017/3/20,22.3,22.85,24.44,22,186.69K
2017/3/21,21.28,22.3,22.87,20.59,345.52K
2017/3/22,21.25,21.28,22.34,20.32,185.75K
2017/3/23,21.76,21.25,22.42,20.5,136.45K
2017/3/24,21.3,21.76,22.28,20.64,230.25K
2017/3/25,20.1,21.3,21.7,19.65,234.75K
2017/3/26,19.38,20.1,20.6,19.13,143.15K
2017/3/27,19.29,19.38,20.06,17.35,216.14K
2017/3/28,19.39,19.29,20.29,17.8,223.43K
2017/3/29,20.87,19.39,21.2,19.12,132.61K
2017/3/30,19.85,20.87,21.15,19.85,103.69K
2017/3/31,20.23,19.85,20.8,19.41,128.77K
2017/4/1,21,20.23,21.23,19,127.69K
2017/4/2,19.67,21,21.29,19.67,137.39K
2017/4/3,20.21,19.67,21.03,19.5,133.50K
2017/4/4,20.48,20.21,20.9,19.78,77.13K
2017/4/5,19.91,20.48,20.55,19.71,83.42K
2017/4/6,19.42,19.91,20.25,18.6,189.93K
2017/4/7,19.78,19.42,20.33,19.16,68.33K
2017/4/8,21.05,19.78,21.6,19.38,149.48K
2017/4/9,21.05,21.05,21.59,20,92.16K
2017/4/10,22.35,21.05,22.9,21.05,126.06K
2017/4/11,21.82,22.35,22.48,21.57,69.37K
2017/4/12,22.15,21.82,22.7,21.58,84.70K
2017/4/13,21.76,22.15,22.44,21.69,84.41K
2017/4/14,21.21,21.76,22.32,20.1,93.39K
2017/4/15,21.08,21.21,21.73,20.75,81.80K
2017/4/16,20.89,21.08,21.15,20.64,50.76K
2017/4/17,21.22,20.89,21.63,20.7,94.03K
2017/4/18,21.94,21.22,22,21.05,86.27K
2017/4/19,21.2,21.94,21.96,21.15,36.62K
2017/4/20,21.03,21.2,22.04,20.99,70.88K
2017/4/21,21.78,21.03,21.8,21,60.23K
2017/4/22,21.8,21.78,21.95,21.29,92.97K
2017/4/23,21.86,21.8,22.03,21.52,67.70K
2017/4/24,21.06,21.86,22.04,21.05,60.57K
2017/4/25,21.32,21.06,21.7,21.06,91.23K
2017/4/26,21.22,21.32,21.6,20.88,162.81K
2017/4/27,23.1,21.22,23.81,21.01,252.36K
2017/4/28,23.86,23.1,24.3,22.86,122.77K
2017/4/29,24.55,23.86,24.9,23.68,100.32K
2017/4/30,25.25,24.55,26.3,24.5,137.99K
2017/5/1,24.66,25.25,25.8,23.92,160.48K
2017/5/2,24.76,24.66,25.15,24,55.14K
2017/5/3,27.16,24.76,27.55,24.47,105.81K
2017/5/4,27.25,27.16,27.84,25,206.13K
2017/5/5,28.44,27.25,31.5,26.19,254.90K
2017/5/6,29.4,28.44,30.69,28.1,141.97K
2017/5/7,33.72,29.4,35.5,29,200.70K
2017/5/8,30.15,33.72,35,27.7,242.13K
2017/5/9,28.64,30.15,31.58,26.5,150.45K
2017/5/10,30.03,28.64,31.39,27.89,41.46K
2017/5/11,30,30.03,30.58,29.39,28.17K
2017/5/12,29.29,30,30.93,28.78,44.50K
2017/5/13,29.17,29.29,29.6,27.83,43.27K
2017/5/14,28.91,29.17,29.75,28.02,17.32K
2017/5/15,28.44,28.91,29.4,27.7,30.57K
2017/5/16,26.97,28.44,28.44,26.61,49.02K
2017/5/17,27.8,26.97,28.7,25.95,49.28K
2017/5/18,31.11,27.8,32,27.67,119.10K
2017/5/19,31.88,31.11,32.38,30.88,48.94K
2017/5/20,35.4,31.88,37.58,31.3,132.62K
2017/5/21,34.47,35.4,36.5,33.5,102.24K
2017/5/22,36,34.47,40.76,32.5,172.66K
2017/5/23,55.64,36,57.7,35.5,218.79K
2017/5/24,45,55.64,57.32,42.2,355.65K
2017/5/25,38.2,45,49,37.4,413.49K
2017/5/26,37.08,38.2,43.15,30,222.49K
2017/5/27,32,37.08,39.5,24.1,260.21K
2017/5/28,35,32,38.31,30,143.12K
2017/5/29,40.12,35,43.08,34.19,195.86K
2017/5/30,39.28,40.12,45.28,38.85,152.73K
2017/5/31,40.27,39.28,41.96,37.18,86.46K
2017/6/1,42.12,40.27,44.22,40.12,92.59K
2017/6/2,42.59,42.12,43.11,41.22,69.76K
2017/6/3,41,42.59,43.26,41,38.95K
2017/6/4,41,41,41,41,-
2017/6/5,47.99,42.37,48.06,42.33,56.59K
2017/6/6,55.6,47.99,55.65,45.45,213.35K
2017/6/7,52,55.6,63.2,51.27,241.43K
2017/6/8,56.2,52,56.2,49.55,105.15K
2017/6/9,55.37,56.2,57.17,54.8,52.32K
2017/6/10,51.03,55.37,56.4,50.9,45.72K
2017/6/11,58.3,51.03,58.3,50.9,70.85K
2017/6/12,49.05,58.3,59.51,43,170.24K
2017/6/13,51.14,49.05,52.67,48.46,83.43K
2017/6/14,45,51.14,52.51,42.79,95.48K
2017/6/15,45.55,45,46.4,37,166.20K
2017/6/16,47.5,45.55,47.52,43,74.03K
2017/6/17,51.83,47.5,52.21,46.2,90.74K
2017/6/18,49.72,51.83,53.66,47.56,76.58K
2017/6/19,50.2,49.72,51.37,49,57.03K
2017/6/20,50.7,50.2,53.12,50.2,58.67K
2017/6/21,48.12,50.7,52.59,46.5,84.76K
2017/6/22,49.72,48.12,50.45,47.59,28.14K
2017/6/23,50.95,49.72,51.98,49.54,44.92K
2017/6/24,46.65,50.95,51.19,46,39.50K
2017/6/25,44.7,46.65,47.83,43.75,76.86K
2017/6/26,43.13,44.7,47,37.5,117.03K
2017/6/27,43.2,43.13,43.9,37,109.45K
2017/6/28,46.71,43.2,46.9,41.3,79.10K
2017/6/29,44,46.71,47.26,43.17,74.77K
2017/6/30,43.11,44,45.4,42.7,35.68K
2017/7/1,40.2,43.11,43.26,38.55,54.99K
2017/7/2,41.87,40.2,42.48,39.04,53.85K
2017/7/3,43.36,41.87,44.31,41,45.06K
2017/7/4,45.3,43.36,45.66,43.22,66.67K
2017/7/5,45.99,45.3,46.57,44.15,50.74K
2017/7/6,50,45.99,50.4,45.92,186.33K
2017/7/7,43.67,50,50.54,43,261.34K
2017/7/8,46.3,43.67,46.3,39.9,129.33K
2017/7/9,44.6,46.3,46.8,43.5,69.39K
2017/7/10,39.68,44.6,44.8,38.1,95.70K
2017/7/11,36.85,39.68,40.32,34.19,259.81K
2017/7/12,40.4,36.85,40.65,34.52,133.45K
2017/7/13,38,40.4,40.61,36.58,52.59K
2017/7/14,35.62,38,38.4,34,73.13K
2017/7/15,32,35.62,35.62,31.22,77.34K
2017/7/16,29.2,32,32.76,28.62,263.89K
2017/7/17,34.81,29.2,35,29.2,201.50K
2017/7/18,36.55,34.81,38,33,196.26K
2017/7/19,35.05,36.55,37.69,34,80.46K
2017/7/20,40.8,35.05,41,34.83,269.98K
2017/7/21,40.3,40.8,41.75,39.25,119.20K
2017/7/22,45,40.3,45,40.07,120.52K
2017/7/23,42.61,45,45.18,41,85.99K
2017/7/24,45.88,42.61,46.01,41.51,103.01K
2017/7/25,40.59,45.88,46.16,38,180.68K
2017/7/26,45.97,40.59,46.7,38.4,237.36K
2017/7/27,45.4,45.97,46.55,43.8,120.63K
2017/7/28,43.97,45.4,45.9,42.1,85.28K
2017/7/29,44.01,43.97,44.59,42.13,47.36K
2017/7/30,39.77,44.01,44.12,39.09,83.24K
2017/7/31,39.9,39.77,41.02,38.84,86.98K
2017/8/1,44.2,39.9,45.5,39.65,186.17K
2017/8/2,43.45,44.2,44.66,42.58,70.84K
2017/8/3,43.56,43.45,44.48,42.9,39.10K
2017/8/4,44.95,43.56,45,42.52,34.92K
2017/8/5,48.66,44.95,49.2,44.78,107.76K
2017/8/6,47.83,48.66,49.29,47.35,28.36K
2017/8/7,50.49,47.83,50.5,46.97,63.09K
2017/8/8,52,50.49,52.91,49.72,99.70K
2017/8/9,51.06,52,53.44,49.09,67.59K
2017/8/10,49.3,51.06,51.4,49.29,30.03K
2017/8/11,50.36,49.3,51.44,48.76,31.13K
2017/8/12,49.45,50.36,51.5,44.28,105.28K
2017/8/13,47.8,49.45,50.2,45.5,86.36K
2017/8/14,49.67,47.8,49.9,46.33,64.48K
2017/8/15,48.71,49.67,50.26,45.08,57.43K
2017/8/16,48.6,48.71,49.1,47,48.73K
2017/8/17,47.2,48.6,49.62,47,46.96K
2017/8/18,46.46,47.2,50,45.1,117.68K
2017/8/19,55.63,46.46,58.5,46.44,225.10K
2017/8/20,55.3,55.63,56.46,51.9,88.02K
2017/8/21,77.64,55.3,100,52.5,1.27M
2017/8/22,89.95,77.64,96.52,71.65,453.23K
2017/8/23,90.37,89.95,100.24,84.83,293.54K
2017/8/24,86,90.37,94,79.12,222.46K
2017/8/25,108,86,110,84.81,300.89K
2017/8/26,138.2,108,148,104.1,643.08K
2017/8/27,130.93,138.2,139.56,123.25,172.12K
2017/8/28,144,130.93,153.43,128,526.12K
2017/8/29,133.4,144,144.72,127.41,183.28K
2017/8/30,134,133.4,137.6,121.32,150.23K
2017/8/31,140.54,134,143.73,132.17,157.27K
2017/9/1,143.04,140.54,150,134.9,203.15K
2017/9/2,121.42,143.04,143.04,117.39,219.61K
2017/9/3,125.99,121.42,129.48,110.39,181.81K
2017/9/4,105.1,125.99,126.1,98.56,288.24K
2017/9/5,118.46,105.1,122,93.4,221.63K
2017/9/6,123,118.46,124.73,114.34,133.29K
2017/9/7,122.9,123,124.5,116,100.82K
2017/9/8,116.55,122.9,135.05,105,298.23K
2017/9/9,116,116.55,119.43,112,78.24K
2017/9/10,112.28,116,117.22,102.03,113.26K
2017/9/11,112.4,112.28,116,109.15,48.26K
2017/9/12,111.21,112.4,116.3,108.69,70.55K
2017/9/13,109.89,111.21,113,101.2,205.63K
2017/9/14,85.64,109.89,119.9,85,524.79K
2017/9/15,100.13,85.64,105,71.14,505.84K
2017/9/16,96.39,100.13,105,91.14,134.64K
2017/9/17,94,96.39,97,88.63,81.72K
2017/9/18,101.5,94,103.35,94,132.73K
2017/9/19,97.89,101.5,102.5,93.06,96.61K
2017/9/20,95.32,97.89,98.8,92.5,54.46K
2017/9/21,85.72,95.32,96.25,84.09,73.15K
2017/9/22,87.5,85.72,89.98,84,57.06K
2017/9/23,92,87.5,92.32,86.77,43.46K
2017/9/24,89.39,92,92.27,87.22,15.52K
2017/9/25,94.09,89.39,94.85,88.85,34.48K
2017/9/26,93.7,94.09,95.58,91.7,32.85K
2017/9/27,102.5,93.7,104.83,93.25,114.39K
2017/9/28,98.18,102.5,102.75,96.41,83.36K
2017/9/29,95,98.18,99,89.38,95.34K
2017/9/30,96.05,95,97,94.41,25.89K
2017/10/1,93.38,96.05,96.49,91.82,21.31K
2017/10/2,91.77,93.38,94.19,91,29.56K
2017/10/3,93.27,91.77,94.9,87,44.86K
2017/10/4,89.96,93.27,94.36,88.05,27.99K
2017/10/5,91.65,89.96,92.1,87.22,31.83K
2017/10/6,91.13,91.65,93.2,90.06,25.87K
2017/10/7,91.5,91.13,92.49,89.53,28.07K
2017/10/8,90,91.5,92.29,90,25.61K
2017/10/9,85.17,90,90.39,83.3,52.14K
2017/10/10,86.85,85.17,88.55,84,36.17K
2017/10/11,87.48,86.85,88.5,85.56,16.63K
2017/10/12,87.39,87.48,89.5,86.55,48.48K
2017/10/13,94.86,87.39,97.08,85.2,147.22K
2017/10/14,99.73,94.86,103.65,93.5,75.93K
2017/10/15,94.46,99.73,101.02,91.07,70.33K
2017/10/16,95.71,94.46,98.9,93,39.29K
2017/10/17,90.88,95.71,97,90.09,43.22K
2017/10/18,89,90.88,91.98,85,39.52K
2017/10/19,88.25,89,92.74,87.45,31.27K
2017/10/20,90.32,88.25,93,87.8,30.13K
2017/10/21,87.74,90.32,90.51,85.81,29.82K
2017/10/22,86.4,87.74,89,85,23.61K
2017/10/23,85.5,86.4,87.5,81.6,27.83K
2017/10/24,87.75,85.5,92,82.42,44.34K
2017/10/25,87.9,87.75,95,85,86.25K
2017/10/26,88.8,87.9,89.41,87,15.81K
2017/10/27,86.1,88.8,89,86.1,26.63K
2017/10/28,86.07,86.1,87.45,85.07,12.63K
2017/10/29,88.5,86.07,89.97,85.27,22.39K
2017/10/30,88.89,88.5,91,87.8,17.77K
2017/10/31,87.5,88.89,89.41,87.25,14.63K
2017/11/1,86,87.5,88.27,84.34,26.34K
2017/11/2,82.92,86,86,80,81.94K
2017/11/3,87.25,82.92,89.4,82.92,64.87K
2017/11/4,87,87.25,87.99,84.5,22.03K
2017/11/5,86.29,87,89.16,85.73,33.04K
2017/11/6,102,86.29,102,85.7,175.93K
2017/11/7,98.39,102,104,93.13,168.84K
2017/11/8,112.4,98.39,115,98.23,103.10K
2017/11/9,118,112.4,123,110.74,142.79K
2017/11/10,104.54,118,120.7,99.25,204.18K
2017/11/11,119.16,104.54,129.1,102.25,202.77K
2017/11/12,124.5,119.16,135,107.66,296.23K
2017/11/13,122.26,124.5,134.5,117.03,211.26K
2017/11/14,121.33,122.26,123.24,116.4,57.90K
2017/11/15,120.99,121.33,124,117.5,56.71K
2017/11/16,120.01,120.99,127.79,118.01,90.49K
2017/11/17,126.5,120.01,126.5,118.33,72.96K
2017/11/18,131.07,126.5,135,122.73,95.78K
2017/11/19,129.66,131.07,134,125.5,38.15K
2017/11/20,136.75,129.66,141.83,128.5,62.85K
2017/11/21,142,136.75,142.91,131.1,80.83K
2017/11/22,165,142,173.37,140.45,180.51K
2017/11/23,159,165,173.67,153,117.46K
2017/11/24,158.92,159,162.09,154.5,79.54K
2017/11/25,168.2,158.92,169.5,157.8,86.25K
2017/11/26,162.5,168.2,168.2,157,57.42K
2017/11/27,173,162.5,173,157.87,81.97K
2017/11/28,196.66,173,196.82,170.1,175.94K
2017/11/29,165.49,196.66,208.5,150.96,280.40K
2017/11/30,175.03,165.49,189.42,151,184.08K
2017/12/1,185.66,175.03,188.6,165.77,89.27K
2017/12/2,201,185.66,203,183.63,80.35K
2017/12/3,195.88,201,207.07,184.49,125.40K
2017/12/4,208.55,195.88,208.55,188.5,53.48K
2017/12/5,247.48,208.55,248,206.12,160.00K
2017/12/6,254.48,247.48,285.04,242.52,278.52K
2017/12/7,259.78,254.48,277.9,225.68,134.58K
2017/12/8,261.13,259.78,268.94,230.01,79.25K
2017/12/9,256.1,261.13,270,238.61,70.89K
2017/12/10,241.22,256.1,256.1,214.04,64.89K
2017/12/11,272.36,241.22,275,238.67,58.01K
2017/12/12,291.81,272.36,305,270.52,78.21K
2017/12/13,293.58,291.81,321.25,274.41,113.52K
2017/12/14,318.4,293.58,320.66,290,76.13K
2017/12/15,310.2,318.4,319.99,290,40.27K
2017/12/16,321,310.2,329.29,307.57,46.60K
2017/12/17,344,321,359.6,320.5,83.80K
2017/12/18,372.5,344,375,319,72.53K
2017/12/19,358,372.5,392.84,325,107.31K
2017/12/20,475,358,478,315,178.36K
2017/12/21,405,475,475,370,87.50K
2017/12/22,317,405,411.83,242.5,248.95K
2017/12/23,339.5,317,380,312.22,69.90K
2017/12/24,326,339.5,350.44,281,76.52K
2017/12/25,330.28,326,350,312,21.63K
2017/12/26,356.52,330.28,362.25,330,36.34K
2017/12/27,374,356.52,409.3,342.14,55.27K
2017/12/28,348.91,374,376.6,322.88,47.94K
2017/12/29,350,348.91,367.61,334.84,51.66K
2017/12/30,304,350,352.7,287,77.80K
2017/12/31,331.83,304,340.13,299.25,20.94K
2018/1/1,335.1,331.83,344.8,314.5,25.79K
2018/1/2,364.17,335.1,370.48,335.1,62.42K
2018/1/3,386,364.17,390,360,44.56K
2018/1/4,368.1,386,387.83,353.06,40.07K
2018/1/5,356.96,368.1,377.49,338.51,38.30K
2018/1/6,394,356.96,395.99,349.25,33.66K
2018/1/7,400.25,394,421,391,59.97K
2018/1/8,400.05,400.25,409.37,338.85,45.47K
2018/1/9,408.03,400.05,447.804,392.826,94.13K
2018/1/10,403.44,408.032,416.293,362.18,49.91K
2018/1/11,351.15,406.406,416.375,339.988,42.50K
2018/1/12,387.24,353.017,390.223,338.045,34.13K
2018/1/13,413.9,387.236,428.815,386.973,42.58K
2018/1/14,393.64,413.9,434.18,370,32.13K
2018/1/15,413,393.641,436.754,383.585,47.16K
2018/1/16,308.56,413,417,255,151.04K
2018/1/17,315,308.562,326.635,237.392,98.40K
2018/1/18,306.13,315,341.143,296.372,69.21K
2018/1/19,361.5,306.125,363.2,300.449,51.06K
2018/1/20,383.99,361.498,406,351,89.72K
2018/1/21,343.73,383.99,388,331,36.50K
2018/1/22,314,343.734,355,285,49.19K
2018/1/23,306.79,314,321.914,284,32.61K
2018/1/24,318.6,306.786,326.259,297.717,24.11K
2018/1/25,315.61,318.6,328,305.1,13.72K
2018/1/26,324,315.613,328.91,288.112,33.19K
2018/1/27,325.94,324,334.722,308,23.00K
2018/1/28,332.99,325.935,341.25,321.014,15.99K
2018/1/29,314,332.992,339.712,310.51,16.04K
2018/1/30,275.92,315.118,316.466,268.211,78.31K
2018/1/31,274.67,275.92,284.231,266.309,42.54K
2018/2/1,241.98,274.276,278.8,230.516,65.22K
2018/2/2,236.98,242.014,252.011,189.385,134.27K
2018/2/3,252.69,236.979,258.888,215.908,44.53K
2018/2/4,219.87,252.676,258.553,214.471,49.24K
2018/2/5,180.52,219.867,222.875,166.779,120.33K
2018/2/6,209.2,180.526,213.287,150.141,129.19K
2018/2/7,205.71,209.201,231.959,190.827,84.41K
2018/2/8,247.97,206.714,255.277,206.661,64.11K
2018/2/9,258.17,247.974,258.753,233.09,58.36K
2018/2/10,247.07,258.053,269.502,240.629,55.64K
2018/2/11,227.67,247.067,247.155,217.117,50.54K
2018/2/12,247.34,227.667,251.531,227.559,31.11K
2018/2/13,233.54,247.341,248.614,229.106,32.90K
2018/2/14,274.2,233.538,274.803,233.52,75.69K
2018/2/15,295.73,274.685,300.889,262.513,63.58K
2018/2/16,293.12,295.719,297.949,275.43,47.10K
2018/2/17,320.59,292.977,330.706,290.178,69.75K
2018/2/18,295.34,320.587,321.871,287.344,52.33K
2018/2/19,314.46,295.697,317.89,293.34,37.10K
2018/2/20,301.97,314.408,319.877,300.9,44.99K
2018/2/21,308.05,301.783,330.428,284.324,104.80K
2018/2/22,274.88,308.055,317.984,273.733,83.24K
2018/2/23,279.45,274.891,295.17,263.618,75.49K
2018/2/24,268.53,279.455,289.599,259.88,53.89K
2018/2/25,278.09,268.491,280.342,263.692,31.31K
2018/2/26,291.17,278.08,296.97,267.967,52.09K
2018/2/27,300.86,291.372,308.127,285.517,50.94K
2018/2/28,286.1,300.863,306.969,285.357,31.97K
2018/3/1,313.49,286.102,315.407,284.674,42.36K
2018/3/2,343.37,313.484,351.56,308.146,139.90K
2018/3/3,350.03,343.381,373.585,342.236,139.85K
2018/3/4,368.22,350.02,369.543,336.244,77.20K
2018/3/5,371.65,368.234,380.109,355.579,75.26K
2018/3/6,343.37,371.169,371.367,338.651,76.73K
2018/3/7,337.04,343.373,363.282,317.68,128.74K
2018/3/8,276.11,337.247,337.255,274.195,136.47K
2018/3/9,285.55,275.995,285.55,241.569,184.63K
2018/3/10,254.74,285.616,294.117,252.223,96.03K
2018/3/11,280.32,254.719,285.914,244.941,85.52K
2018/3/12,257.91,280.325,286.74,249.614,61.47K
2018/3/13,247.52,258.352,266.409,244.923,84.45K
2018/3/14,215.43,247.55,251.754,206.865,111.62K
2018/3/15,212.32,215.252,226.109,198.466,120.15K
2018/3/16,215.92,212.322,222.749,203.369,83.17K
2018/3/17,197.45,215.918,216.875,193.712,75.12K
2018/3/18,209.79,197.416,209.917,175.661,118.64K
2018/3/19,217.99,209.432,223.156,201.852,92.30K
2018/3/20,223.75,217.949,234.175,206.236,74.19K
2018/3/21,218.33,223.747,235.481,214.07,72.29K
2018/3/22,212.59,218.355,224.351,203.643,57.81K
2018/3/23,215.96,212.585,216.526,199.029,53.24K
2018/3/24,208.36,215.983,217.372,208.017,36.10K
2018/3/25,212.28,208.365,215.284,203.704,35.61K
2018/3/26,196.91,212.284,213.457,188.435,49.07K
2018/3/27,188.12,196.966,198.847,184.817,55.66K
2018/3/28,199.48,188.121,202.113,186.429,51.69K
2018/3/29,176.86,199.479,201.526,175.041,84.87K
2018/3/30,172.76,176.869,181.791,163.905,82.81K
2018/3/31,180.73,172.751,183.228,172.39,36.63K
2018/4/1,176.56,180.72,184.217,165.893,53.37K
2018/4/2,178.64,176.494,182.893,175.861,38.02K
2018/4/3,189.69,178.642,192.203,178.588,48.21K
2018/4/4,170.9,189.693,190.386,169.805,51.23K
2018/4/5,173.46,170.894,175.848,166.039,50.30K
2018/4/6,163.26,173.471,176.952,162.963,42.68K
2018/4/7,171.25,163.256,174.647,163.181,34.02K
2018/4/8,175.76,171.251,176.073,171.127,29.21K
2018/4/9,167.87,175.787,180.945,164.703,42.35K
2018/4/10,168.29,167.865,169.497,165.392,27.54K
2018/4/11,170.18,168.213,170.974,165.697,53.36K
2018/4/12,193,170.152,194.855,166.896,90.08K
2018/4/13,189.4,193.031,202.44,186.422,72.61K
2018/4/14,192.02,189.413,198.291,188.67,36.56K
2018/4/15,201.73,192.106,206.123,192.101,53.54K
2018/4/16,195.74,201.727,204.251,190.106,44.31K
2018/4/17,196.87,195.741,204.042,195.145,40.89K
2018/4/18,229.43,196.879,233.813,196.533,132.60K
2018/4/19,238.49,229.472,239.11,226.237,76.01K
2018/4/20,273.02,238.488,273.023,238.488,87.57K
2018/4/21,257.08,272.898,273.027,238.876,59.31K
2018/4/22,270.39,257.029,284.701,249.813,64.07K
2018/4/23,284.01,270.389,287.695,269.784,52.25K
2018/4/24,293.23,284.044,298.537,280.355,71.83K
2018/4/25,256.8,292.437,292.502,247.182,115.51K
2018/4/26,267.82,256.863,276.352,249.142,68.66K
2018/4/27,250.87,267.435,267.998,250.491,53.99K
2018/4/28,261.26,250.867,264.969,250.234,51.02K
2018/4/29,256.01,261.259,263.894,242.441,59.60K
2018/4/30,241.47,255.996,259.214,237.923,66.47K
2018/5/1,239.49,241.47,241.95,228.554,48.97K
2018/5/2,249.81,239.485,253.131,238.174,55.50K
2018/5/3,246.1,249.732,258.064,242.218,91.78K
2018/5/4,242.01,246.106,249.29,237.898,59.56K
2018/5/5,241.51,242.002,247.378,239.705,51.82K
2018/5/6,235.49,241.38,243.085,231.846,43.37K
2018/5/7,235.03,235.482,236.093,221.466,51.76K
2018/5/8,223.01,232.621,233.318,220.108,38.10K
2018/5/9,226.89,223.143,231.611,216.047,46.06K
2018/5/10,217.12,226.938,233.504,216.682,44.42K
2018/5/11,196.88,217.118,217.118,196.413,80.31K
2018/5/12,201.86,197.145,205.557,190.931,53.66K
2018/5/13,207.84,201.916,212.727,201.916,42.35K
2018/5/14,212.82,207.835,217.576,196.372,62.87K
2018/5/15,202.95,212.785,217.793,201.148,54.46K
2018/5/16,198.93,202.948,203.38,192.431,39.90K
2018/5/17,191.01,198.835,203.305,190.98,34.93K
2018/5/18,203.64,190.819,212.878,186.443,70.21K
2018/5/19,197.34,203.648,203.861,196.491,24.85K
2018/5/20,203.7,197.33,205.514,196.258,30.76K
2018/5/21,198.31,203.703,204.399,195.049,24.49K
2018/5/22,175.34,198.336,198.713,175.338,59.68K
2018/5/23,171.01,175.304,179.536,166.11,62.68K
2018/5/24,171.42,171.093,177.443,161.007,60.66K
2018/5/25,164.96,171.813,173.822,162.514,31.86K
2018/5/26,165.03,165.021,169.08,163.151,26.88K
2018/5/27,166.45,165.144,170.83,161.379,32.55K
2018/5/28,149.43,166.537,168.49,149.368,53.73K
2018/5/29,157.28,149.412,167.046,147.357,94.49K
2018/5/30,155.33,157.29,161.137,152.837,28.28K
2018/5/31,155.79,155.447,159.098,154.63,37.45K
2018/6/1,157.64,155.709,158.549,153.285,27.46K
2018/6/2,162.51,157.643,167.675,156.429,45.76K
2018/6/3,168.91,162.409,177.511,162.311,50.13K
2018/6/4,160.25,168.903,170.33,157.653,45.67K
2018/6/5,167.13,160.257,169.15,157.444,48.80K
2018/6/6,164.42,166.969,167.996,150.656,47.13K
2018/6/7,164.1,164.418,171.746,163.101,52.28K
2018/6/8,158.36,164.1,165.31,156.999,47.14K
2018/6/9,154.54,158.351,159.981,154.452,35.77K
2018/6/10,139.54,154.57,154.705,132.094,99.72K
2018/6/11,137.95,139.721,140.242,132.251,44.99K
2018/6/12,125.54,137.999,138.519,120.649,78.23K
2018/6/13,121.88,125.571,126.716,113.064,121.01K
2018/6/14,132.63,121.875,133.737,118.542,103.67K
2018/6/15,122.17,132.627,133.329,122.032,61.27K
2018/6/16,126.52,122.167,128.227,121.045,59.84K
2018/6/17,123.83,126.5,126.969,123.296,41.53K
2018/6/18,127.38,123.847,129.88,119.711,58.92K
2018/6/19,126.4,127.415,130.964,124.544,53.46K
2018/6/20,122.82,126.442,126.442,119.975,41.38K
2018/6/21,124.01,122.847,124.393,121.68,40.44K
2018/6/22,110.86,123.921,124.227,107.755,99.47K
2018/6/23,115.68,110.86,119.95,110.555,62.91K
2018/6/24,121.9,115.764,125.667,108.573,84.58K
2018/6/25,127.27,121.902,130.147,121.104,66.47K
2018/6/26,121.13,127.352,130.859,120.854,63.09K
2018/6/27,129.04,121.103,131.19,120.043,66.44K
2018/6/28,117.17,129.166,135.03,114.818,95.84K
2018/6/29,127.4,117.155,128.562,115.821,71.41K
2018/6/30,131.44,127.451,135.775,127.378,94.42K
2018/7/1,130.92,131.508,131.508,126.135,57.86K
2018/7/2,141.09,130.969,143.818,128.962,88.98K
2018/7/3,139.05,141.086,144.568,139.048,67.34K
2018/7/4,139.49,139.053,146.376,135.311,54.92K
2018/7/5,139.21,139.499,142.278,134.737,67.69K
2018/7/6,134.97,139.213,139.529,131.652,56.70K
2018/7/7,135.51,134.975,136.02,131.521,40.86K
2018/7/8,138.65,135.505,140.085,134.581,43.49K
2018/7/9,136.66,138.626,142.596,136.249,54.36K
2018/7/10,122.04,136.662,138.258,121.727,71.81K
2018/7/11,126.09,122.035,130.588,122.017,74.94K
2018/7/12,120.66,126.167,126.859,117.533,54.57K
2018/7/13,122.06,120.861,125.09,119.539,53.38K
2018/7/14,122.96,122.03,124.206,120.96,32.79K
2018/7/15,123.94,122.955,125.986,121.244,41.69K
2018/7/16,135.42,123.937,135.671,122.917,68.05K
2018/7/17,143.65,135.422,148.262,134.823,74.90K
2018/7/18,139.7,143.647,149.522,137.869,51.44K
2018/7/19,139.74,139.704,143.729,138.176,36.00K
2018/7/20,130.08,139.759,139.759,128.685,66.81K
2018/7/21,132.36,130.078,132.938,127.384,32.11K
2018/7/22,128.44,132.359,133.787,128.185,40.24K
2018/7/23,133.4,128.408,142.889,128.141,75.58K
2018/7/24,147.87,133.4,148.646,133.06,73.85K
2018/7/25,143.11,147.851,149.087,138.431,53.19K
2018/7/26,136.68,143.109,144.959,135.86,42.70K
2018/7/27,140.23,136.841,142.427,135.005,31.06K
2018/7/28,139.71,140.206,141.683,138.331,33.10K
2018/7/29,135.8,139.708,141.498,134.79,35.48K
2018/7/30,131.92,135.802,136.435,128.88,44.97K
2018/7/31,122.22,131.902,134.359,121.243,51.88K
2018/8/1,128.24,122.223,130.233,119.632,50.67K
2018/8/2,122.36,128.237,130.639,120.692,39.68K
2018/8/3,120.11,122.378,122.498,114.988,48.49K
2018/8/4,114.1,120.109,121.349,113.439,34.92K
2018/8/5,117.34,114.085,117.749,111.736,32.82K
2018/8/6,113.38,117.342,119.872,112.383,39.06K
2018/8/7,107.84,113.377,118.057,107.603,60.02K
2018/8/8,94.3,107.818,107.838,93.044,86.05K
2018/8/9,100.32,94.563,102.081,94.563,56.06K
2018/8/10,91.46,100.338,100.96,90.17,58.75K
2018/8/11,92.92,91.525,97.043,87.321,93.43K
2018/8/12,93.13,92.917,95.447,91.54,44.13K
2018/8/13,87.76,93.132,97.131,87.727,55.80K
2018/8/14,84.02,87.759,87.759,77.713,99.97K
2018/8/15,89.28,84.022,93.95,83.944,67.12K
2018/8/16,91.07,89.284,92.785,88.645,50.02K
2018/8/17,99.28,91.065,101.457,90.629,62.22K
2018/8/18,98.03,99.281,104.902,93.869,66.17K
2018/8/19,98.48,98.042,98.817,94.563,34.54K
2018/8/20,92.69,98.48,102.428,92.694,64.15K
2018/8/21,94.78,92.692,96.509,91.824,45.19K
2018/8/22,89.77,94.769,98.653,87.743,64.29K
2018/8/23,89.98,89.773,91.379,88.629,39.16K
2018/8/24,93.53,89.97,94.044,88.542,44.79K
2018/8/25,92.5,93.526,96.459,91.949,40.80K
2018/8/26,94.75,92.495,94.872,90.165,40.43K
2018/8/27,105.11,94.728,105.505,93.351,77.33K
2018/8/28,107.58,105.095,107.938,102.289,54.19K
2018/8/29,103.55,107.575,108.453,100.773,49.06K
2018/8/30,103.06,103.546,106.321,97.14,57.33K
2018/8/31,116.35,103.061,118.101,102.726,126.10K
2018/9/1,120.9,116.346,124.533,115.461,133.48K
2018/9/2,120.3,120.899,125.508,116.397,83.88K
2018/9/3,134.96,120.303,135.975,119,115.41K
2018/9/4,138.12,134.956,140.196,134.58,116.21K
2018/9/5,114.33,138.112,140.022,113.411,169.05K
2018/9/6,117.22,114.326,118.014,108.258,116.76K
2018/9/7,110.77,117.285,119.524,110.175,70.87K
2018/9/8,103.83,110.765,114.169,101.473,82.81K
2018/9/9,105.22,103.827,110.436,100.481,68.34K
2018/9/10,105.43,105.267,109.097,103.762,45.99K
2018/9/11,105.09,105.442,108.83,100.734,59.02K
2018/9/12,104.19,105.068,105.479,96.849,74.12K
2018/9/13,111.87,104.192,116.21,104.192,93.50K
2018/9/14,116.7,111.865,117.259,109.177,81.90K
2018/9/15,119.22,116.68,121.896,115.879,65.55K
2018/9/16,117.04,119.157,119.157,113.062,54.46K
2018/9/17,106.06,117.045,120.135,106.008,92.74K
2018/9/18,112.09,105.979,112.9,103.52,64.56K
2018/9/19,109.47,112.094,112.555,104.837,57.17K
2018/9/20,115.81,109.415,116.18,109.391,57.40K
2018/9/21,124.17,115.811,124.672,115.664,85.32K
2018/9/22,122.33,124.169,125.699,118.745,52.65K
2018/9/23,122.62,122.328,128.133,120.6,54.65K
2018/9/24,115.03,122.525,123.314,114.401,63.50K
2018/9/25,116.6,115.034,116.603,111.177,54.18K
2018/9/26,115.09,116.603,117.556,112.368,36.67K
2018/9/27,119.14,115.13,121.37,112.333,42.19K
2018/9/28,116.96,119.187,122.117,115.301,42.95K
2018/9/29,114.44,116.97,120.143,110.536,60.03K
2018/9/30,115.76,114.443,116.927,113.789,43.37K
2018/10/1,114.44,115.767,117.479,112.819,32.47K
2018/10/2,116.75,114.441,120.258,112.24,35.80K
2018/10/3,114.47,116.799,117.649,107.87,37.44K
2018/10/4,114.68,114.47,118.746,113.549,25.48K
2018/10/5,115.37,114.719,115.927,113.318,41.50K
2018/10/6,114.87,115.368,115.642,113.341,14.95K
2018/10/7,113.73,114.869,115.214,112.49,17.56K
2018/10/8,114.28,113.753,115.604,112.912,22.57K
2018/10/9,113.69,114.279,114.878,113.212,20.93K
2018/10/10,114.46,113.767,114.628,111.582,32.27K
2018/10/11,100.7,114.463,114.644,100.617,68.24K
2018/10/12,101.74,100.655,104.79,100.295,20.64K
2018/10/13,103.51,101.983,103.974,101.85,21.59K
2018/10/14,101.05,103.875,104.28,100.933,22.52K
2018/10/15,108.99,101.045,118.14,100.88,109.78K
2018/10/16,110.25,109.695,111.233,108.076,29.21K
2018/10/17,109.06,110.245,111.054,107.712,22.46K
2018/10/18,105.07,109.409,109.951,103.924,21.53K
2018/10/19,105.49,105.069,107.671,104.893,24.21K
2018/10/20,105.89,105.49,107.287,105.277,16.45K
2018/10/21,106.66,106.159,108.232,106.057,15.21K
2018/10/22,107.49,106.891,107.611,105.95,18.77K
2018/10/23,109.6,107.493,111.836,107.493,36.20K
2018/10/24,108.12,109.6,110.599,108.017,26.37K
2018/10/25,107.8,108.259,108.308,106.643,34.00K
2018/10/26,106.05,107.85,108.039,105.79,55.24K
2018/10/27,104.49,106.099,106.106,104.295,64.25K
2018/10/28,105.31,104.49,105.656,102.743,87.48K
2018/10/29,101.86,105.325,105.368,101.318,24.47K
2018/10/30,101.79,101.853,103.016,101.025,38.13K
2018/10/31,104.99,101.788,106.258,100.95,25.48K
2018/11/1,104.81,104.987,105.449,103.068,18.83K
2018/11/2,106.58,104.813,107.059,104.361,23.30K
2018/11/3,107.12,106.601,107.898,104.913,23.44K
2018/11/4,112.69,107.119,113.366,105.825,30.46K
2018/11/5,112.08,112.686,113.396,109.861,23.32K
2018/11/6,113.6,112.079,114.185,111.104,32.71K
2018/11/7,111.93,113.604,114.392,110.018,23.56K
2018/11/8,108.98,111.936,112.604,108.855,23.75K
2018/11/9,107.37,108.983,109.307,105.869,19.86K
2018/11/10,105.47,107.365,107.696,105.198,14.28K
2018/11/11,107.19,105.471,107.252,102.915,18.94K
2018/11/12,106.27,107.386,107.858,105.983,16.90K
2018/11/13,106.22,106.265,107.516,105.37,23.10K
2018/11/14,92.42,106.448,106.513,88.436,85.66K
2018/11/15,89.86,92.423,94.824,82.047,86.12K
2018/11/16,87.94,89.856,90.225,87.425,31.82K
2018/11/17,89.16,87.945,89.341,86.013,32.19K
2018/11/18,89.89,89.374,92.851,88.796,46.60K
2018/11/19,73.11,89.889,90.22,72.949,104.77K
2018/11/20,67.77,73.75,75.963,64.505,136.07K
2018/11/21,69.53,67.767,71.612,65.638,60.53K
2018/11/22,66.06,69.524,71.633,66.001,46.40K
2018/11/23,67.65,66.062,67.871,63.342,57.92K
2018/11/24,58.95,67.649,69.999,58.806,61.42K
2018/11/25,58.78,59.361,60.232,53.878,106.51K
2018/11/26,53.87,58.779,60.813,52.696,99.26K
2018/11/27,57.91,53.869,59.309,53.07,55.85K
2018/11/28,63.74,57.905,65.973,57.905,65.92K
2018/11/29,61.3,63.742,65.316,59.493,46.61K
2018/11/30,58.28,61.303,62.497,56.226,35.27K
2018/12/1,59.87,58.277,61.745,57.574,37.66K
2018/12/2,59.17,59.867,62.476,58.235,24.44K
2018/12/3,55.19,59.088,59.811,53.703,43.74K
2018/12/4,57.06,55.192,59.563,54.185,43.26K
2018/12/5,51.95,57.06,57.929,51.953,44.55K
2018/12/6,46.51,51.956,53.855,46.357,75.22K
2018/12/7,46.9,46.506,47.588,42.982,88.48K
2018/12/8,45.2,46.896,49.563,43.064,54.54K
2018/12/9,47.55,45.318,49.456,45.262,44.43K
2018/12/10,44.28,47.547,48.482,43.773,53.54K
2018/12/11,43.12,44.276,44.755,42.343,46.17K
2018/12/12,44.19,42.947,46.22,42.886,38.89K
2018/12/13,41.26,44.643,44.777,40.878,48.63K
2018/12/14,39.08,41.536,43.222,38.72,63.40K
2018/12/15,39.08,39.081,39.893,38.255,43.49K
2018/12/16,39.69,39.389,41.317,39.293,53.71K
2018/12/17,44.17,39.692,45.549,39.691,67.39K
2018/12/18,47.25,44.172,48.461,43.501,55.23K
2018/12/19,46.31,47.457,51.29,45.966,80.24K
2018/12/20,55.59,46.307,55.844,46.181,92.31K
2018/12/21,52.46,55.586,56.733,51.063,68.26K
2018/12/22,52.35,52.462,53.421,50.444,49.52K
2018/12/23,53.41,52.352,55.641,52.352,48.38K
2018/12/24,56.35,53.404,59.012,53.404,76.44K
2018/12/25,51.07,56.35,56.727,48.565,69.76K
2018/12/26,49.66,51.222,53.054,47.424,62.70K
2018/12/27,44.37,49.664,49.904,43.6,51.86K
2018/12/28,50.18,44.372,52.071,44.15,60.95K
2018/12/29,47.71,50.175,50.848,47.705,47.77K
2018/12/30,49.02,47.706,49.292,47.593,32.85K
2018/12/31,46.37,49.339,49.476,45.524,34.86K
2019/1/1,48.67,46.374,48.735,45.918,28.91K
2019/1/2,52.97,48.856,54.235,48.408,65.13K
2019/1/3,50.03,52.972,53.375,49.984,30.87K
2019/1/4,50.96,50.209,51.409,49.59,37.02K
2019/1/5,50.02,50.962,52.143,49.925,41.07K
2019/1/6,55.34,50.017,55.499,49.851,50.34K
2019/1/7,53.36,55.337,56.068,53.127,38.90K
2019/1/8,53.07,53.36,55.026,52.893,30.44K
2019/1/9,52.56,53.072,54.835,51.961,33.76K
2019/1/10,45.33,52.675,53.702,43.97,106.87K
2019/1/11,45.61,45.398,46.797,44.974,38.63K
2019/1/12,45.01,45.727,45.887,44.638,29.76K
2019/1/13,42.84,45.01,45.34,42.478,36.59K
2019/1/14,45.92,42.843,46.67,42.843,38.31K
2019/1/15,44.8,45.921,46.728,44.084,36.39K
2019/1/16,45.95,44.802,46.101,44.522,29.10K
2019/1/17,45.61,45.95,46.316,44.579,33.05K
2019/1/18,44.84,45.607,45.739,44.564,30.95K
2019/1/19,46.08,44.835,46.765,44.835,26.28K
2019/1/20,43.74,46.064,46.331,43.515,33.22K
2019/1/21,44.29,43.742,44.586,43.481,37.70K
2019/1/22,45.99,44.287,46.374,44.093,39.36K
2019/1/23,44.89,45.988,46.174,44.699,41.51K
2019/1/24,45.91,44.92,46.674,44.773,43.33K
2019/1/25,46.98,45.971,47.15,45.245,28.66K
2019/1/26,45.6,46.976,47.095,45.595,32.16K
2019/1/27,46.38,45.608,46.471,45.13,27.21K
2019/1/28,43.58,46.379,46.555,43.163,56.16K
2019/1/29,43.2,43.576,43.935,42.658,44.40K
2019/1/30,44.03,43.202,44.631,42.834,33.43K
2019/1/31,43.51,44.032,44.553,43.226,25.01K
2019/2/1,43.7,43.509,44.196,42.873,25.32K
2019/2/2,43.5,43.73,43.857,41.845,51.76K
2019/2/3,43.05,43.501,44.009,42.553,60.58K
2019/2/4,42.81,43.047,43.133,42.282,33.36K
2019/2/5,43.4,42.854,43.598,42.803,39.24K
2019/2/6,43.25,43.398,43.828,42.436,44.00K
2019/2/7,43.37,43.254,43.95,43.192,32.98K
2019/2/8,48.31,43.365,50.04,43.365,70.60K
2019/2/9,48.52,48.308,49.084,47.893,39.89K
2019/2/10,49.75,48.524,49.773,46.958,43.40K
2019/2/11,48.16,49.748,49.834,47.14,46.91K
2019/2/12,48.81,48.157,49.257,47.417,37.95K
2019/2/13,49.13,48.808,50.782,48.79,66.13K
2019/2/14,46.82,49.129,49.59,45.968,71.31K
2019/2/15,47.23,46.824,48.418,46.649,47.36K
2019/2/16,46.74,47.355,48.446,46.739,35.93K
2019/2/17,47.96,46.739,48.062,46.615,33.23K
2019/2/18,51.42,47.956,52.125,47.87,53.08K
2019/2/19,51.99,51.406,53.4,51.186,61.34K
2019/2/20,51.86,51.985,52.73,50.665,53.67K
2019/2/21,49.75,51.886,52.115,49.607,43.22K
2019/2/22,51.63,49.769,51.74,49.769,32.21K
2019/2/23,54.15,51.734,54.657,50.964,52.73K
2019/2/24,47.79,54.206,55.937,47.783,86.76K
2019/2/25,48.95,47.788,49.365,47.788,35.11K
2019/2/26,48.05,48.999,49.024,47.863,47.02K
2019/2/27,48.9,48.052,48.9,47.501,53.62K
2019/2/28,48.02,48.899,49.247,48,55.15K
2019/3/1,48.37,48.055,48.762,47.978,56.44K
2019/3/2,48.52,48.369,48.678,47.832,35.43K
2019/3/3,48.8,48.522,48.953,48.266,30.61K
2019/3/4,47.28,48.796,49.294,46.3,98.73K
2019/3/5,49.12,47.283,49.232,46.704,107.86K
2019/3/6,49.44,49.124,49.467,48.393,90.53K
2019/3/7,50.05,49.446,50.777,49.446,88.98K
2019/3/8,48.88,50.047,50.226,48.253,94.21K
2019/3/9,49.56,48.877,50.243,48.661,101.36K
2019/3/10,49.58,49.561,49.725,49.057,32.38K
2019/3/11,49.22,49.576,49.799,48.279,60.88K
2019/3/12,50.07,49.243,50.068,48.253,86.46K
2019/3/13,50.23,50.066,50.803,49.669,96.92K
2019/3/14,50.81,50.225,51.734,49.56,151.09K
2019/3/15,51.68,50.818,51.984,50.786,121.90K
2019/3/16,53.18,51.678,54.023,51.673,100.05K
2019/3/17,52.42,53.177,53.199,51.676,96.42K
2019/3/18,51.78,52.42,53.057,51.433,74.55K
2019/3/19,52.83,51.775,53.327,51.631,80.47K
2019/3/20,54.15,52.834,54.241,52.16,126.15K
2019/3/21,52.12,54.149,54.161,51.373,144.92K
2019/3/22,52.72,52.122,53.019,51.882,107.89K
2019/3/23,52.52,52.715,53.143,52.063,107.50K
2019/3/24,52.28,52.521,52.705,51.886,105.90K
2019/3/25,51.11,52.282,52.363,50.258,136.14K
2019/3/26,51.65,51.105,51.891,49.92,140.48K
2019/3/27,53.33,51.647,53.487,51.469,144.82K
2019/3/28,52.64,53.327,53.334,52.324,143.61K
2019/3/29,53.52,52.635,54.071,52.121,207.84K
2019/3/30,53.37,53.524,53.958,52.762,172.74K
2019/3/31,55.92,53.373,56.567,52.801,223.47K
2019/4/1,59.87,55.915,59.888,55.72,264.93K
2019/4/2,68.41,59.871,69.087,58.688,423.26K
2019/4/3,63.7,68.405,69.37,61.328,472.99K
2019/4/4,63.67,63.694,66.3,61.884,137.83K
2019/4/5,68.98,63.673,68.98,63.548,108.48K
2019/4/6,68.03,68.98,70.091,66.394,87.33K
2019/4/7,69.66,68.032,69.949,67.767,109.36K
2019/4/8,70.67,69.655,72.11,67.846,98.07K
2019/4/9,67.94,70.666,70.717,67.371,96.75K
2019/4/10,70.76,67.935,71.313,67.794,129.64K
2019/4/11,66.07,70.757,70.944,62.137,156.71K
2019/4/12,65.76,66.074,68.338,64.732,139.25K
2019/4/13,64.93,65.756,66.455,63.554,83.82K
2019/4/14,66.26,64.93,66.906,63.933,163.54K
2019/4/15,64.05,66.256,66.789,63.406,101.39K
2019/4/16,68.47,64.047,69.688,63.574,98.91K
2019/4/17,67.17,68.429,69.377,66.56,66.02K
2019/4/18,68.94,67.173,69.706,67.149,117.15K
2019/4/19,68.23,68.926,69.31,67.26,92.33K
2019/4/20,69.34,68.216,69.894,67.766,112.38K
2019/4/21,68.31,69.339,69.757,66.945,112.54K
2019/4/22,68.24,68.31,68.986,67.646,82.20K
2019/4/23,68.59,68.247,70.528,67.728,110.22K
2019/4/24,67.49,68.597,70.295,64.669,133.57K
2019/4/25,61.41,67.491,67.491,61.412,115.02K
2019/4/26,62.55,61.412,65.152,60.221,124.70K
2019/4/27,63.15,62.517,64.409,62.187,88.04K
2019/4/28,62.05,63.145,63.636,61.611,75.94K
2019/4/29,61.14,62.054,62.501,60.417,112.74K
2019/4/30,62.87,61.146,62.975,60.949,90.14K
2019/5/1,65.87,62.873,65.914,62.873,63.83K
2019/5/2,65.46,65.869,66.909,64.538,88.21K
2019/5/3,67.73,65.46,69.036,65.047,94.69K
2019/5/4,68.77,67.726,69.311,66.09,82.80K
2019/5/5,66.82,68.765,69.42,66.23,101.84K
2019/5/6,67.86,66.861,68.539,65.22,97.74K
2019/5/7,66.68,67.859,71.369,66.55,102.54K
2019/5/8,68.19,66.676,68.439,65.77,106.22K
2019/5/9,65.66,68.189,69.249,64.468,113.32K
2019/5/10,68.94,65.661,69.254,65.219,88.06K
2019/5/11,78.73,68.972,81.507,68.972,154.13K
2019/5/12,75.54,78.73,80.732,72.174,119.12K
2019/5/13,79.29,75.537,82.032,74.718,105.43K
2019/5/14,83.47,79.277,84.307,79.183,93.53K
2019/5/15,93.93,83.435,94.775,82.836,96.21K
2019/5/16,86.94,93.882,96.958,84.677,107.77K
2019/5/17,82.64,86.94,87.173,76.85,92.63K
2019/5/18,79.71,82.638,83.174,79.044,62.23K
2019/5/19,90.14,79.709,90.424,79.517,120.54K
2019/5/20,87.3,90.14,90.14,84.243,96.97K
2019/5/21,88.83,87.256,92.345,87.252,80.18K
2019/5/22,83.15,88.731,91.132,83.106,109.59K
2019/5/23,84.48,83.153,85.085,80.778,47.68K
2019/5/24,85.28,84.492,86.745,83.41,69.56K
2019/5/25,86.82,85.276,87.19,85.163,71.52K
2019/5/26,91.54,86.766,92.286,85.129,91.97K
2019/5/27,97.73,91.542,98.627,91.441,100.12K
2019/5/28,95.75,97.729,98.355,95.459,65.25K
2019/5/29,93.96,95.748,95.77,90.437,133.37K
2019/5/30,91.87,93.955,98.67,88.49,137.81K
2019/5/31,93.1,91.874,93.341,89.225,80.92K
2019/6/1,92.6,93.1,93.713,91.024,50.20K
2019/6/2,94.83,92.579,95.979,92.439,73.57K
2019/6/3,89.08,94.837,95.663,88.938,112.29K
2019/6/4,83.32,89.073,89.087,81.337,76.65K
2019/6/5,84.76,83.31,86.691,82.945,85.01K
2019/6/6,86.65,84.759,87.059,83.109,257.71K
2019/6/7,87.75,86.646,89.317,85.27,267.68K
2019/6/8,87.15,87.773,88.318,85.914,237.09K
2019/6/9,83.44,87.142,87.688,82.059,232.42K
2019/6/10,86.58,83.438,87.124,82.417,257.96K
2019/6/11,86.29,86.59,87.389,85.097,222.71K
2019/6/12,90.08,86.294,90.097,85.432,246.03K
2019/6/13,89.42,90.077,91.781,89.155,276.52K
2019/6/14,90.29,89.424,90.561,87.222,250.79K
2019/6/15,94.59,90.293,94.853,89.814,247.13K
2019/6/16,95.74,94.598,97.465,93.916,233.01K
2019/6/17,98.26,95.74,99.465,95.689,272.05K
2019/6/18,96.33,98.263,98.781,95.138,316.61K
2019/6/19,100.23,96.33,102.183,95.975,297.54K
2019/6/20,104.98,100.226,108.297,99.856,329.27K
2019/6/21,109.55,104.977,110.066,104.955,290.60K
2019/6/22,115.23,109.658,118.8,108.607,275.37K
2019/6/23,115.78,115.218,121.079,114.24,227.96K
2019/6/24,117.8,115.783,119.784,112.737,236.52K
2019/6/25,112.32,117.808,118.111,111.785,275.07K
2019/6/26,104.45,112.315,113.345,101.514,378.24K
2019/6/27,95.36,104.454,105.844,89.367,236.27K
2019/6/28,101.93,95.428,102.379,94.177,190.16K
2019/6/29,100.01,101.926,101.926,93.628,185.71K
2019/6/30,88.6,100.014,100.865,88.136,207.29K
2019/7/1,88.88,88.62,94.6,84.644,222.87K
2019/7/2,86.29,88.887,89.409,82.527,193.57K
2019/7/3,89.55,86.331,91.693,85.783,178.82K
2019/7/4,87.99,89.561,92.72,87.222,158.52K
2019/7/5,89.31,87.962,92.507,86.199,219.21K
2019/7/6,94.36,89.307,98.857,89.231,341.44K
2019/7/7,106.86,94.379,106.989,93.129,339.95K
2019/7/8,101.42,106.855,107.245,100.388,341.79K
2019/7/9,99.49,101.423,104.461,97.56,218.03K
2019/7/10,94.83,99.47,101.928,92.475,234.17K
2019/7/11,89.38,94.831,94.858,87.431,204.43K
2019/7/12,97.96,89.41,98.026,86.231,174.08K
2019/7/13,93.99,97.957,98.034,89.24,212.18K
2019/7/14,86.26,94.007,94.829,85.313,227.90K
2019/7/15,89.04,86.216,90.492,76.312,299.89K
2019/7/16,74.28,88.998,89.306,73.568,246.17K
2019/7/17,76.7,74.287,80.455,71.799,321.21K
2019/7/18,83.92,76.709,85.454,75.15,254.41K
2019/7/19,82.16,83.901,84.463,80.505,249.57K
2019/7/20,85.17,82.175,87.659,81.649,186.01K
2019/7/21,84.19,85.165,88.044,83.245,204.88K
2019/7/22,83.58,84.208,85.425,81.591,191.51K
2019/7/23,81.2,83.562,83.913,80.304,243.57K
2019/7/24,80.56,81.199,82.228,78.674,226.02K
2019/7/25,80.9,80.547,83.674,80.311,202.83K
2019/7/26,80.31,80.904,81.281,78.693,165.19K
2019/7/27,78.83,80.3,83.044,77.459,219.93K
2019/7/28,80.28,78.834,83.494,77.597,218.10K
2019/7/29,78.2,80.285,81.612,77.943,210.82K
2019/7/30,78.22,78.158,80.732,77.649,176.89K
2019/7/31,80.64,78.21,82.693,78.012,267.93K
2019/8/1,82.05,80.634,82.65,79.899,225.30K
2019/8/2,84.04,81.94,85.21,81.622,242.14K
2019/8/3,87.97,84.039,88.113,83.958,304.11K
2019/8/4,87.81,87.964,88.664,85.58,295.52K
2019/8/5,93.55,87.807,94.772,87.798,344.67K
2019/8/6,89.71,93.549,96.607,88.177,289.69K
2019/8/7,97.41,89.785,97.614,88.968,346.65K
2019/8/8,95.9,97.374,97.717,91.483,307.82K
2019/8/9,93.42,95.901,96.055,90.893,334.99K
2019/8/10,90.65,93.416,94.837,90.525,268.03K
2019/8/11,92.51,90.632,92.651,89.583,275.66K
2019/8/12,91.21,92.372,92.538,90.046,273.38K
2019/8/13,85.7,91.19,91.747,85.013,321.00K
2019/8/14,78.89,85.748,85.786,78.148,273.84K
2019/8/15,82.48,78.887,82.638,74.536,235.71K
2019/8/16,82.19,82.471,83.371,77.974,270.26K
2019/8/17,81.81,82.194,83.585,80.979,272.98K
2019/8/18,87.61,81.793,87.838,81.603,290.86K
2019/8/19,89.43,87.605,90.647,84.342,210.60K
2019/8/20,85.65,89.446,90.938,84.314,195.86K
2019/8/21,80.89,85.811,86.388,79.139,209.29K
2019/8/22,81.97,80.915,83.201,78.544,248.52K
2019/8/23,81.97,81.965,83.426,80.98,295.96K
2019/8/24,80.56,81.974,82.113,78.598,187.68K
2019/8/25,80.5,80.569,82.384,79.04,180.06K
2019/8/26,79.95,80.499,83.912,78.964,214.70K
2019/8/27,78.58,79.948,79.948,77.661,169.59K
2019/8/28,72.17,78.576,79.692,71.908,235.65K
2019/8/29,66.93,72.122,72.201,66.832,196.66K
2019/8/30,67.8,66.9,68.23,65.711,183.35K
2019/8/31,67.28,67.795,68.402,66.217,171.97K
2019/9/1,71.49,67.29,74.696,66.733,120.05K
2019/9/2,73.22,71.498,74.173,69.792,144.04K
2019/9/3,74.7,73.203,75.723,73.094,146.29K
2019/9/4,73.85,74.711,75.055,71.56,153.53K
2019/9/5,75.85,73.913,76.375,73.432,152.67K
2019/9/6,75.18,75.851,79.699,74.992,165.39K
2019/9/7,77.97,75.175,78.613,73.835,186.62K
2019/9/8,77.12,77.938,79.119,75.717,161.05K
2019/9/9,74.89,77.123,77.544,74.123,174.75K
2019/9/10,72.28,74.889,76.145,71.516,156.81K
2019/9/11,74.13,72.267,74.259,69.561,189.88K
2019/9/12,74.92,74.108,75.482,71.629,242.71K
2019/9/13,76.81,74.924,76.955,72.706,242.68K
2019/9/14,75.96,76.707,76.949,73.669,213.29K
2019/9/15,75.57,75.983,76.474,73.966,199.87K
2019/9/16,75.35,75.592,76.33,71.279,254.40K
2019/9/17,73.92,75.279,75.574,73.073,260.73K
2019/9/18,80.87,73.859,82.129,73.746,346.20K
2019/9/19,75.99,80.865,81.468,72.707,293.31K
2019/9/20,73.82,75.985,78.05,72.542,320.27K
2019/9/21,72.54,73.815,73.864,72.128,215.41K
2019/9/22,72.92,72.457,74.165,70.804,275.68K
2019/9/23,68.6,72.911,73.15,68.159,255.61K
2019/9/24,58.6,68.6,70.194,56.107,289.66K
2019/9/25,59.71,58.673,61.241,57.451,328.06K
2019/9/26,57.22,59.688,60.034,54.487,345.91K
2019/9/27,57.45,57.197,59.241,55.232,419.39K
2019/9/28,57.69,57.415,58.352,56.04,379.72K
2019/9/29,55.75,57.728,57.798,54.422,289.04K
2019/9/30,56.64,55.74,57.27,53.282,294.10K
2019/10/1,55.39,56.642,57.993,55.298,304.74K
2019/10/2,55.85,55.474,56.665,54.192,278.41K
2019/10/3,56.06,55.844,57.133,53.989,295.58K
2019/10/4,57.09,56.062,57.658,53.861,309.75K
2019/10/5,56.32,57.087,57.479,55.119,278.94K
2019/10/6,54.65,56.338,56.546,54.098,271.70K
2019/10/7,55.96,54.61,56.968,54.06,308.13K
2019/10/8,55.34,55.949,56.856,54.811,264.97K
2019/10/9,56.98,55.339,57.382,54.743,276.56K
2019/10/10,55.55,56.981,57.35,54.848,302.17K
2019/10/11,53.76,55.547,56.47,53.68,243.06K
2019/10/12,53.57,53.763,54.709,53.17,317.90K
2019/10/13,53.17,53.574,53.951,52.264,244.39K
2019/10/14,52.86,53.174,53.464,52.229,261.85K
2019/10/15,51.91,52.862,53.817,51.528,321.73K
2019/10/16,54.67,51.906,55.136,51.571,405.12K
2019/10/17,55.91,54.669,60.455,54.394,350.15K
2019/10/18,55.14,55.905,58.266,55.129,307.65K
2019/10/19,54.27,55.136,55.136,53.323,288.78K
2019/10/20,56.23,54.299,57.162,53.495,265.80K
2019/10/21,57.41,56.23,59.245,55.502,270.20K
2019/10/22,56.46,57.408,58.551,55.741,296.33K
2019/10/23,53.02,56.49,57.203,51.915,315.58K
2019/10/24,53.36,53.015,54.288,50.937,261.01K
2019/10/25,58.87,53.357,59.738,52.169,336.50K
2019/10/26,56.55,58.883,64.739,55.159,443.16K
2019/10/27,59.44,56.548,61.08,55.422,340.15K
2019/10/28,59.23,59.436,61.512,58.414,486.59K
2019/10/29,59.42,59.07,63.115,58.933,634.02K
2019/10/30,58.27,59.419,59.578,57.107,450.01K
2019/10/31,58.91,58.327,59.972,56.9,452.61K
2019/11/1,60.52,58.91,61.181,58.238,575.07K
2019/11/2,62.09,60.586,63.049,60.332,573.08K
2019/11/3,63.26,62.162,65.034,60.88,606.81K
2019/11/4,62.82,63.139,63.93,62.186,509.19K
2019/11/5,62.59,62.805,63.648,61.746,421.26K
2019/11/6,63.77,62.593,64.444,62.336,524.25K
2019/11/7,63.14,63.751,66.439,62.66,474.42K
2019/11/8,60.77,63.147,63.646,59.853,520.24K
2019/11/9,61.79,60.766,62.356,60.553,505.62K
2019/11/10,63.83,61.772,64.394,61.643,594.75K
2019/11/11,61.56,63.851,63.949,60.945,552.20K
2019/11/12,62.15,61.573,65.534,61.456,551.74K
2019/11/13,65.04,62.183,65.485,61.572,589.12K
2019/11/14,64.93,65.041,65.644,63.741,543.66K
2019/11/15,61.71,64.891,65.697,61.65,582.38K
2019/11/16,61.39,61.678,62.743,60.955,623.27K
2019/11/17,61.52,61.386,62.843,61.256,581.63K
2019/11/18,58.28,61.514,61.941,57.859,603.08K
2019/11/19,58.49,58.264,59.688,57.723,675.75K
2019/11/20,58.01,58.477,59.203,57.574,670.04K
2019/11/21,54.16,58.008,58.66,53.294,555.47K
2019/11/22,51.07,54.163,54.934,47.893,576.84K
2019/11/23,51.42,51.067,51.947,49.964,599.72K
2019/11/24,47.47,51.423,51.767,47.383,597.11K
2019/11/25,49.98,47.46,52.38,45.798,585.95K
2019/11/26,51.22,49.984,52.098,49.478,730.77K
2019/11/27,55.79,51.234,57.071,49.95,697.09K
2019/11/28,53.97,55.793,56.464,53.598,657.30K
2019/11/29,55.84,53.982,56.119,53.835,536.83K
2019/11/30,54.92,55.84,56.054,53.817,28.91K
2019/12/1,53.63,54.922,54.93,52.573,23.66K
2019/12/2,53.95,53.649,54.485,52.48,451.06K
2019/12/3,53.3,53.954,55.454,53.213,633.47K
2019/12/4,52.6,53.298,56.226,51.755,610.11K
2019/12/5,53.72,52.598,54.233,51.977,491.47K
2019/12/6,54.03,53.717,55.64,53.483,480.02K
2019/12/7,54.29,54.029,54.984,53.35,527.32K
2019/12/8,53.64,54.291,54.734,53.464,509.76K
2019/12/9,54.41,53.643,54.431,52.981,482.86K
2019/12/10,52.7,54.414,54.686,52.193,697.36K
2019/12/11,52.83,52.712,53.539,52.503,700.91K
2019/12/12,52.84,52.84,53.77,52.061,471.00K
2019/12/13,52.41,52.838,53.309,52.257,415.05K
2019/12/14,51.25,52.405,52.641,50.88,521.29K
2019/12/15,50.62,51.252,52.044,50.574,680.05K
2019/12/16,49.16,50.624,51.084,48.478,634.37K
2019/12/17,45.03,49.139,49.409,44.629,764.63K
2019/12/18,47.66,45.033,49.031,43.832,630.08K
2019/12/19,47.51,47.658,49.771,46.159,757.64K
2019/12/20,46.84,47.499,47.63,46.475,679.47K
2019/12/21,45.1,46.84,46.841,44.881,760.60K
2019/12/22,47.16,45.122,47.963,44.978,753.16K
2019/12/23,47.09,47.159,48.637,46.952,742.88K
2019/12/24,45.84,47.092,47.934,45.649,676.81K
2019/12/25,46.14,45.838,46.79,45.092,484.05K
2019/12/26,45.39,46.109,46.434,44.88,487.53K
2019/12/27,45.01,45.379,46.079,44.528,547.23K
2019/12/28,45.58,45.007,45.839,44.926,554.73K
2019/12/29,46.62,45.55,47.078,45.232,572.64K
2019/12/30,46.24,46.62,46.72,45.791,418.42K
